-- phpMyAdmin SQL Dump
-- version 5.2.1
-- https://www.phpmyadmin.net/
--
-- Host: 127.0.0.1
-- Waktu pembuatan: 23 Sep 2023 pada 05.57
-- Versi server: 10.4.28-MariaDB
-- Versi PHP: 8.2.4

SET SQL_MODE = "NO_AUTO_VALUE_ON_ZERO";
START TRANSACTION;
SET time_zone = "+00:00";


/*!40101 SET @OLD_CHARACTER_SET_CLIENT=@@CHARACTER_SET_CLIENT */;
/*!40101 SET @OLD_CHARACTER_SET_RESULTS=@@CHARACTER_SET_RESULTS */;
/*!40101 SET @OLD_COLLATION_CONNECTION=@@COLLATION_CONNECTION */;
/*!40101 SET NAMES utf8mb4 */;

--
-- Database: `e-berkas3`
--

-- --------------------------------------------------------

--
-- Struktur dari tabel `agunan_masuks`
--

CREATE TABLE `agunan_masuks` (
  `id` bigint(20) UNSIGNED NOT NULL,
  `no_rekening` varchar(255) NOT NULL,
  `nama_debitur` varchar(255) NOT NULL,
  `upload_berkas` varchar(255) DEFAULT NULL,
  `status_id` varchar(255) NOT NULL,
  `created_at` timestamp NULL DEFAULT NULL,
  `updated_at` timestamp NULL DEFAULT NULL
) ENGINE=InnoDB DEFAULT CHARSET=utf8mb4 COLLATE=utf8mb4_unicode_ci;

--
-- Dumping data untuk tabel `agunan_masuks`
--

INSERT INTO `agunan_masuks` (`id`, `no_rekening`, `nama_debitur`, `upload_berkas`, `status_id`, `created_at`, `updated_at`) VALUES
(35, '190900', 'Dwiky', NULL, '1', '2023-09-18 20:36:30', '2023-09-18 20:40:06');

-- --------------------------------------------------------

--
-- Struktur dari tabel `agunan_pinjams`
--

CREATE TABLE `agunan_pinjams` (
  `id` bigint(20) UNSIGNED NOT NULL,
  `no_rekening` varchar(255) NOT NULL,
  `nama_debitur` varchar(255) NOT NULL,
  `nama_peminjam` varchar(255) NOT NULL,
  `tanggal_pinjam` date NOT NULL,
  `ttd1` text DEFAULT NULL,
  `tanggal_kembali` date DEFAULT NULL,
  `ttd2` text DEFAULT NULL,
  `keperluan` text DEFAULT NULL,
  `status_id` text NOT NULL,
  `created_at` date DEFAULT NULL,
  `updated_at` date DEFAULT NULL
) ENGINE=InnoDB DEFAULT CHARSET=utf8mb4 COLLATE=utf8mb4_unicode_ci;

--
-- Dumping data untuk tabel `agunan_pinjams`
--

INSERT INTO `agunan_pinjams` (`id`, `no_rekening`, `nama_debitur`, `nama_peminjam`, `tanggal_pinjam`, `ttd1`, `tanggal_kembali`, `ttd2`, `keperluan`, `status_id`, `created_at`, `updated_at`) VALUES
(18, '190900', 'Dwiky', 'romeo', '2023-09-20', 'data:image/png;base64,iVBORw0KGgoAAAANSUhEUgAABU4AAAC0CAYAAABL9LYgAAAAAXNSR0IArs4c6QAAIABJREFUeF7t3Qm4fWPd//HPvxAiPJQnEUpoTk+apHmmpEFpRLOKlEpUFImHRk2SSilKpSgUzYOKBjJGSHNK0igN/+vdc6+r1bL3OXtYe37f13Wu3+93zt73utdrrbPP73z39/5+/18cCiiggAIKKKCAAgoooIACCiiggAIKKKCAAv8h8P/0UEABBRRQQAEFFFBAAQUUUEABBRRQQAEFFPhPAQOn3hEKKKCAAgoooIACCiiggAIKKKCAAgoooEBDwMCpt4QCCiiggAIKKKCAAgoooIACCiiggAIKKGDg1HtAAQUUUEABBRRQQAEFFFBAAQUUUEABBRRYWsCMU+8QBRRQQAEFFFBAAQUUUEABBRRQQAEFFFCgIWDg1FtCAQUUUEABBRRQQAEFFFBAAQUUUEABBRQwcOo9oIACCiiggAIKKKCAAgoooIACCiiggAIKLC1gxql3iAIKKKCAAgoooIACCiiggAIKKKCAAgoo0BAwcOotoYACCiiggAIKKKCAAgoooIACCiiggAIKGDj1HlBAAQUUUEABBRRQQAEFFFBAAQUUUEABBZYWMOPUO0QBBRRQQAEFFFBAAQUUUEABBRRQQAEFFGgIGDj1llBAAQUUUEABBRRQQAEFFFBAAQUUUEABBQyceg8ooIACCiiggAIKKKCAAgoooIACCiiggAJLC5hx6h2igAIKKKCAAgoooIACCiiggAIKKKCAAgo0BAyceksooIACCiiggAIKKKCAAgoooIACCiiggAIGTr0HFFBAAQUUUEABBRRQQAEFFFBAAQUUUECBpQXMOPUOUUABBRRQQAEFFFBAAQUUUEABBRRQQAEFGgIGTr0lFFBAAQUUUEABBRRQQAEFFFBAAQUUUEABA6feAwoooIACCiiggAIKKKCAAgoooIACCiigwNICZpx6hyiggAIKKKCAAgoooIACCiiggAIKKKCAAg0BA6feEgoooIACCiiggAIKKKCAAgoooIACCiiggIFT7wEFFFBAAQUUUEABBRRQQAEFFFBAAQUUUGBpATNOvUMUUEABBRRQQAEFFFBAAQUUUEABBRRQQIGGgIFTbwkFFFBAAQUUUEABBRRQQAEFFFBAAQUUUMDAqfeAAgoooIACCiiggAIKKKCAAgoooIACCiiwtIAZp94hCiiggAIKKKCAAgoooIACCiiggAIKKKBAQ8DAqbeEAgoooIACCiiggAIKKKCAAgoooIACCihg4NR7QAEFFFBAAQUUUEABBRRQQAEFFFBAAQUUWFrAjFPvEAUUUEABBRRQQAEFFFBAAQUUUEABBRRQoCFg4NRbQgEFFFBAAQUUUEABBRRQQAEFFFBAAQUUMHDqPaCAAgoooIACCiiggAIKKKCAAgoooIACCiwtYMapd4gCCiiggAIKKKCAAgoooIACCiiggAIKKNAQMHDqLaGAAgoooIACCiiggAIKKKCAAgoooIACChg49R5QQAEFFFBAAQUUUEABBRRQQAEFFFBAAQWWFjDj1DtEAQUUUEABBRRQQAEFFFBAAQUUUEABBRRoCBg49ZZQQAEFFFBAAQUUUEABBRRQQAEFFFBAAQUMnHoPKKDAgguskWTbYnBikqsX3MPTV0ABBRRQQAEFFFBAAQUUUECBDgJmnHpbKKDAIgmsmOSHSTYoJ312kocl+dkiIXiuCiiggAIKKKCAAgoooIACCiiwvICB0+WNfIQCCsyHwApJ3pbkWR1OZ8ckx87HaXoWCiiggAIKKKCAAgoooIACCijQhoCB0zYUnUMBBWZBYI8kb1hioR9M8uRZOBHXqIACCiiggAIKKKCAAgoooIACoxcwcDp6Y4+ggALTIXBhkk2XWcr9k3xhOpbrKhRQQAEFFFBAAQUUUEABBRRQYJICBk4nqe+xFVBgXAK3THJx7WB/SPKjJJsnuX7t8yck2W5ci/I4CiiggAIKKKCAAgoooIACCigwvQIGTqf32rgyBRRoT2CXJEeW6X6X5PFJzkjyxiRPTEL9U8bfktw4yVXtHdqZFFBAAQUUUEABBRRQQAEFFFBgFgUMnM7iVXPNCijQr8BhSZ5fe9ItklyaZN8k+zUme2WSA/o9gI9XQAEFFFBAAQUUUEABBRRQQIH5EjBwOl/X07NRQIHOAr9Nsmb50i+S3LT8/ZFJPtl4yh+TrJXkWjEVUEABBRRQQAEFFFBAAQUUUGBxBQycLu6198wVWBSB1ZNcXTvZy5NsWP69cZJLOkC8IslrFwXI81RAAQUUUEABBRRQQAEFFFBAgesKGDj1rlBAgXkXeECS02oneXCSvWr//lOSVRoIRyXZad5hPD8FFFBAAQUUUEABBRRQQAEFFOguYODUu0MBBeZdgJqlr6md5JZJzqz9+5QkD2kgfDXJ1vMO4/kpoIACCiiggAIKKKCAAgoooICBU+8BBRRYXIGvJ7lHOf36Nv1K5GVJDmrw/DTJ+otL5pkroIACCiiggAIKKKCAAgoooIAZp94DCigwzwIbJCFYyvhLkpcneVPjhB+W5KQOCKsm+fM843huCiiggAIKKKCAAgoooIACCijQXcDAqXfHtAlskeQ2JduPoNUHk/xm2hbpemZGYM8kh9RW+6BGvVO+tGmSCzuc0W2TnDczZ+pCFVBAAQUUUEABBRRQQAEFFFCgVQEDp61yLvxk/5NkjdJoZ7MS/LxJknsmoXt5c1yR5MokdD0nu2/NLoKXJTk+CX8eXZ6z8NgC9CRAJikZpf9M8tkkD+3wrBWT/LXD5x+Z5MSejuKDFFBAAQUUUEABBRRQQAEFFFBg7gQMnM7dJR35CW2XhC7ld0pyrySTuIeuSvKxJHQ+/8rIz9gDzKrAKkl+XYLynMMbkry4y8lclGSTxtd2T/KWWT15162AAgoooIACCiiggAIKKKCAAsMJTCLoNdyKffY4BQgkbZtk3ZKpR7B0mgZZhA/usPV6mtboWiYnQID/tNrh+ffnuyyHADxvBNTHG5O8aHLL98gKKKCAAgoooIACCiiggAIKKDBJAQOnk9SfrmPfMMmjktw6ye2TbJPk+tO1xI6rOaesdwaW6hLHLPCqJK8ux7w2yY1Kg6hOyzgyyS6NL3wiyfZjXrOHU0ABBRRQQAEFFFBAAQUUUECBKREwcDolF2ICy+DaP6lklD4wydotruHHSdhO//ta7cjbJVlniWOQPcqavpvkd+Vx65XGPcstbaeybX+5x/n1xRKgJu6G5ZRp8kSzp25j7ySvbXyRe/HOi0Xm2SqggAIKKKCAAgoooIACCiigQCVg4HTx7gW23u+VZKsBT51gFPUgz0hCgPSCJP9IcnoSsvr6HWS6bpnk7C5Nn9ZKQif0+5cmPzfvcIAvJblvvwf28XMtQHZpFYDnRNmyz33UbVC7lwzT+qA+6o3nWsmTU0ABBRRQQAEFFFBAAQUUUECBrgIGThfj5ti6bGdnKzKd73sZv01ybtnazHb4T5Vs0Ct7efIIH8O5fDTJTWrHIFt19SR/HOFxnXq2BHZO8p7aku9YgvPdzoJsVO7z5lhpwDcEZkvL1SqggAIKKKCAAgoooIACCiigwHUEDJzO501xzyRsv2eb8cOSEPxZbvwoyalJvpbkm0l+kOTvyz1pQl+/WZKzGuUFKAVAoNehAAInl4Zm/J2saGr3LjXWKOUlmo8h45TMU4cCCiiggAIKKKCAAgoooIACCiyYgIHT+bngBErpMH+Psg1/uWv7myQfKVuYCZJ2yrabVp3rJflzIyB8iySXTuuCXddYBW6ahJIS1RsG+9WaRC21kL8kuUHjAbdMcslYV+/BFFBAAQUUUEABBRRQQAEFFFBgKgSWC65NxSJdRFcB6oM+JwnNkci4XGqQPUpG6ZlJTkjyvRnegrxmEgK/BFCrsZpb9f1OKQK7J3lT+fsfSpkKAqnLDd5AuFXjQRslIRvboYACCiiggAIKKKCAAgoooIACCyZg4HQ2L/japQP4MxvBw+bZ/KrUJqVx04dLl/vZPOPrrppGVCvUPn37GcuanZfrMI3nQeOyu5SF8UYBzcd6GTQZu3fjgf+d5Je9PNnHKLAAArxZ9YTSyI/X4POS/HwBzttTVEABBRRQQAEFFFBAgQUVMHA6WxeeDvMvSLJHErIuO43zS3fwzyT5Sul4P1tn2dtqv11quFaP5pd5gsOOxRYg8/r7NYJ+7ovjkjy2wUdW958Wm9SzV+Bfzfh4o+6FSdapedCY77AkZHk7FFBAAQUUUEABBRRQQIG5EzBwOhuXdNskeyXZIsmqHZb84yQfSPLeJBfPxikNvcoDk7y8Nsv+SV419KxOMOsChyZ5cTkJyjmw1Z7t+r2Md5TSF9VjqaPb6futl7l8jALzIEBW/5GldnazjEV1ftckWX2GS7/Mw3XyHBRQQAEFFFBAAQUUUGBEAgZORwTb0rQvSvLSJOt2mI9MH7JK35Lks0moYbpI4/FJjq2dMH/fcZEAPNfrCFDn9vIkZGYz+g2mv7Fk1FUT84bEzXVWYAEFyCpld8OePbx5wFb99RbQyFNWQAEFFFBAAQUUUECBBRAwcDqdF3mD0vH+7h2WR3bPMUkI8pw9ncsfy6o2bnQ7PyvJncZyZA8yrQLPSHJEWdxVSfj+ubCPxTazmL+W5F59PN+HKjAPAg9KcnTyr+35yw3KWGyX5LTlHujXFVBAAQUUUEABBRRQQIFZFDBwOl1XjQZH+yQhm7I52G5M9umHkvxuupY9sdVcXbaIsoC/JFllYivxwJMW4LWM+r6blYV8Msmj+lzUa5PsXXsOpS926XMOH67ArAqsX8pcUMe022CnQ/X/Bl5/H5qE5oMOBRRQQAEFFFBAAQUUUGAuBQycTsdlZWvxAUl27bActgtTt5E6c3+cjuVOzSrICLxnbTX84v/TqVmdCxmnAFlylKxgEER/cGmO1s8aXt2ok7tfEj7nUGDeBW6T5NOlJnCnc+Vnz/Vqb079Ksl9klww7zCenwIKKKCAAgoooIACCiy2gIHTyV9/Gj+9u0Md0yuTvDPJwUnI7HFcV+A9SXaufZqt2d8UaiEFyDbdvJz5RUluPUDdX5qL1QOlT0jy4YXU9KQXRWDlJC9J8polTvjLpTEhDaAYlMG4d5LvLwqS56mAAgoooIACCiiggAKLK2DgdHLXHvt9y0d9FdSMO6RkmfbaDXxyZzHZI7+y8Qv/9kk+MdklefQJCKxY3lwgCMSg/i+N1fodL09CndNqUDOX2rkOBeZR4AFJjkpysy4n97MkX0/y2NrXyeh/YhKCqQ4FFFBAAQUUUEABBRRQYO4FDJxO5hIT6Pl8h8Yzn0vyrEbTo8mscDaO+qTSxKRa7W5JDpuNpbvKFgUekuSUMt/vS+YpQZ9+xyuS7F+e9LckN0ry534n8fEKTLnADUot7ZclWanLWil7wZt49TrBJyfZ0RrbU351XZ4CCiiggAIKKKCAAgq0KmDgtFXOniajLhxZPhvWHk3DDRpyvG2A7cU9HXROH0Qdy8/Uzo3AFw1+HIslQAdwguiMU0t900EECCQdVJ74wySbDDKJz1FgigUoZ0K9bGqadhrXJOENKF5H16k94PDSOI0SMg4FFFBAAQUUUEABBRRQYGEEDJyO91LfrzSwWaF22J8neWqS08a7lLk42h0aW6mpCfvcuTgzT6JXgRsm+UWS1coTyNg+otcnNx63T2nSxqf5fqThlEOBeRBYNQnNzqhn2m18Kcnzkrwjyda1B+1VSsf8fR4gPAcFFFBAAQUUUEABBRRQoB8BA6f9aA3+WDJ3CObUtz0yG3Xinm1n4oFh10tCzb1q0GTrmQPP5hNnUYBMbWqaMqjHSMDnHwOeyHuT7FSee2KSRw44j09TYJoEqGF6epINuizqN6UpGqViyN7eovY4agVX31/TdE6uRQEFFFBAAQUUUEABBRQYi4CB09Ez00iDDB7qJdbH2Unum+S3o1/C3B5hlVKHrzrBk5JsM7dn64k1BajPeEmtuQ3Zcm8fgolSGbuW5/OGxruGmMunKjANAjuUrflVRnZ9TWSQfiDJS5PwWsobD1WjqKuSULrC74FpuIquQQEFFFBAAQUUUEABBSYmYOB0tPQETd+ThGYc1fhdqaP4+iTXjvbwcz879y81+Wi2xSCr6p5zf9aeYCXAtnxqLzJ+lOTOSYapwUhDnGp7/v2TfEFqBWZYgK35+3ZYPwHT9yUhQ/8bpbzJwUlWL4+l9AV1To+b4XN36QoooIACCiiggAIKKKBAKwIGTlth7DjJPUoGT/2L5yZ5aJKfjO6wCzfzr5OsXc6aLaf1hiYLh7FAJ0y26aVJKNdA92+CqB8c8vwJvt68zPHfSX455Hw+XYFJCbC9njIWzXFGySSt3hRoPo6a2zs3mu5N6hw8rgIKKKCAAgoooIACCigwcQEDp6O5BBuWbLWNa9PTeIOaiVeP5pALOysZvFUZhL/Vsk8XFmRBTrxe2/TCJHcd8ntr5STcSwRk/5qEZjo2w1mQm2mOTpPGgx9P8ojGOZGZv0fZes99ff2SUbp97XFk7D+uUTd6jmg8FQUUUEABBRRQQAEFFFCgfwEDp/2bLfcMfiH9WpK7lQfSqObMkmlqPdPl9Pr/+reSbFme9s8kayT5ff/T+IwZErhJEoKla5ZgKcEettkPMzarNWm7KMmmw0zmcxWYgMADkhxf23LPEnhN5HMvT/KDsqaNSnC13gTqY0koLcObBg4FFFBAAQUUUEABBRRQQIEiYOC0/VvhmCRPqE17WZJHJ/lu+4dyxhIwq+pSAkJQgC3XjvkVeHWSV5WgENl1T0vyxyFP995JyApnnFardTrktD5dgZEL0PjpdUme3zjS+SXL9DO1z/Mm04lJ1i2fI1DK99KhZliP/Dp5AAUUUEABBRRQQAEFFJhBAQOn7V609ZNcnqRyJduHzsSHtHsYZ6sJHJvk8bV/s2WbOn6O+RRYKwlvRlCe4S8laPqRFk71KUneX+ah0/hTW5jTKRQYtcAzkryhkWXKMb9Ytt1TA7oaOyV5b+3flKZ4UWlgOOp1Or8CCiiggAIKKKCAAgooMJMCBk7bvWzNbFOay2yQ5Np2D+NsNYGjkzyp9u9tk3xaobkVYEsxGdyMDyfZsWSeDnvCbGU+sEzCGx0vHXZCn6/ACAU2L4H+qkxJdSgaplH/94TGsV+bZO/a536Y5LFJvjfCNTq1AgoooIACCiiggAIKKDDzAgZO27uE/CLL1shqUNv0YS3UXmxvhfM503tKF+jq7AikkYXqmD8B6gaznf4G5dRotsa24zbGW5M8r0y0e5K3tDGpcygwAoEDkuzTmPdPSfZMclQS/l6Nmyb5aJJ71j7H9wz1TP8wgrU5pQIKKKCAAgoooIACCigwVwIGTtu7nGwXpklNNU4pgdP2juBMnQQ+VLIOq6/RJfoTUs2dAE3X2H58ryR/K29IbNPiWVIrteowTiYema0OBaZJ4D5JDk9CI7P6OC4JdX/PbXyeur3cx+vUPn9wkle6C2KaLqtrUUABBRRQQAEFFFBAgWkWMHDaztVZLwlbJFcq0/09ycPNNm0Hd5lZ6Bj9qNpjtuuwTXUsC/EgIxXYuVaL8RdJHprkrBaP+I0kZLQytkry9RbndioFhhEg8EkW/QMak1yR5Okdsq5vnGSXJGSmrlCeQ7kYXhtPHmYhPlcBBRRQQAEFFFBAAQUUWDQBA6ftXPF6fURmPDXJg9uZ2lmWETipkdlLcOHzqs2VAF3DLy6dwGm4tkPZftzmSf40CW+AMG6e5MdtTu5cCgwgcMMkLy5b8FevPf/PpZTEXh3mvF3JuL9l7Wvcy882aDrAFfApCiiggAIKKKCAAgoosPACBk7buQXo4n6XMtXvk9w9yXntTO0sywh8O8mda4+hlt/pqs2VwBFJ6B7OIGOOLfoEUNsaKyb5a5mMzDxqqLY5f1vrdJ7FEbhNktOSUKO0Psiwp75pvZ42XyezlO36L0nC/VyNM5M8KMlVi0PnmSqggAIKKKCAAgoooIAC7QkYOB3ekmw4gqXV+EGS29cCMcMfwRmWErigUfNvkyR0jHbMhwBlGAgWMQgWUQLjspZP7da1NzrOKd+/LR/C6RToSWDlEhh9RePRv0pChul7O8xypyTv73DffjjJTkn+0tORfZACCiiggAIKKKCAAgoooMB1BAycDn9TUGuxXjeOZkVPGn5aZ+hRgCDahuWxZAmu0Qhk9ziND5tCAa4rdUy5pnQKf36XwNGwS39Mbes/tSR3HHZCn6/AAAJ7lHv8FrXnkin6hiRvTnJ1Y04appFh+rrG539dPvemJP8YYB0+RQEFFFBAAQUUUEABBRRQoAgYOB3+VuCXXX6xrcZuSQ4bflpn6EHgeqXDev0+Zpt1te26hyl8yJQK/FcJmq5frueBZSvyKJa7X5J9y8R7dwhEjeKYzqlAJXCvJO9uZM7ztaOTUD/7Jx2oKE9yTJJNG1+jVu/jk3xNXgUUUEABBRRQQAEFFFBAgeEFDJwOb/jO0nijmmnrJF8dflpn6EFg3SR0WK/G32tdpHt4ug+ZUoFVk1A3mDqPZMyxDZnu4aPKnmP+pxQL6kFSW9KhwKgF1klyULm368eiPjZvyH22ywLIvD6gZGLXH/KzJNR4/tGoF+78CiiggAIKKKCAAgoooMCiCBg4Hf5Ks5X4DrVp2Fbc3FI5/FGcoZPAlkm+VfsCgYObSTXzAicleVgJlJ5SSl+MsrkNWXrrlYZQN07ym5kX9ASmXYBavW+vlRlhvX9Mcmj5+EOHEyC79D1Jtmp8jQz7zyd5XJJOz5t2C9engAIKKKCAAgoooIACCkytgIHT4S8NQdLVyzR/S7KSHbmHR+1xBmrJsp21GhcnuVWPz/Vh0ylwXJLHlqV9owSDOm1Vbmv1GyW5tEz2/cabIG0dw3kUqAS4tyk70XydIrt0zyTcg53Gtkk+kmSVDl88JMmrbALlTaaAAgoooIACCiiggAIKtC9g4HQ4UzogEzhdsUxD12+2FzvGI/DKJK+pHer0slV1PEf3KG0KUK+WjuFPLZN+Jwnb5q9s8yAd5qIRFA3dGDTgeeGIj+f0iylArd53JCEAWh8E7amrS1OyToM35ajB+6IOX+R7gzePPuObdYt5U3nWCiiggAIKKKCAAgooMHoBA6fDGW+RhABPNfjFeNfhpvTZfQiwbXXn2uPZ1s0Wb8fsCXw0Cd3tGd9OwlbmX43hNPiefU45DkGtT4/hmB5icQR4c436ue9qnPIlpdkZ9XW7jU2SfDnJTTs8gIDrfZNcvjiUnqkCCiiggAIKKKCAAgooMH4BA6fDmZMdd1RtihckeetwU/rsPgTYyn232uMJpNJEyDFbAocloeEN47elu/gVYzqFH5Rt09cmWTvJ78d0XA8z/wLbJXlDklvUTpX7+iWNnxudJMikf1kp/VL/+j9LhvRuY8jGnv8r5BkqoIACCiiggAIKKKCAAssIGDgd7hahrtyra1M8MMnnhpvSZ/cowNZuglx0YK8GAQmaqzhmR4Dt8QSBGD8vNU2/NqblU1bj3HIsMvvuM6bjepj5Flgryb5Jdq+dJq9VByXhTYKlgvPrJPlwkvt3IeINBrKk/zHfhJ6dAgoooIACCiiggAIKKDAdAgZOh7sOhyd5Vm2KOyY5e7gpfXaPArfvYM02fbbrO2ZDYK8krytL/XWSbZJ8a4xLf3aSd5bjHZ/k0WM8toeaT4F6zdzqDN+ShHrM1MNeajyh3I9rdHgQAf5nJqGOs0MBBRRQQAEFFFBAAQUUUGBMAgZOh4M+MskutSnIYKNBlGP0ApRFICBRDbawstWard6O6RegCdMbyzLJNH1yks+PedlkKP9vOebWSb465uN7uPkRoHnTi5OsVzulT5Xt9uctc5qrJdl/icZkHyw/Z/46P1yeiQIKKKCAAgoooIACCigwGwIGToe7TmwL55flatw7yVeGm9Jn9yjAdtYdao/9bpI79/hcHzZZgfr3zTVJHpuEINO4x4eSkCHI2DjJZeNegMebeQHql9L1ngZQ1Tir1Fqmydly4wFJjkvC9v7m+GWp/UvjNIcCCiiggAIKKKCAAgoooMAEBAycDoe+R2n+Uc1C9ul7h5vSZ/cgwH1LZml9S+vbag2GepjCh0xIgGY5fN8wuIbUbCSAOYnxnSRblC3UayYha9mhQC8CqyR5X+PNm58meXySXmv0vj3Jc7scjJIjfG/8sJfF+BgFFFBAAQUUUEABBRRQQIHRCBg4Hc6VZlCn1qZ4Uy0oNNzMPnspATIUydKqD7JPm59TcXoErl+uz/ZlSQQp6Tp+4gSX+IckN0xyThJq5o5qbJjk9Ul+k4RarmznvrY0Nls5yZ+SfC8JDc/4/N+TkInL52kkRCOgv5TPs12br+HJB8/ho/53/r1SkhXKc2/Q+Hr1us+8XAc+/lY+OA5f59+shcdUW8T5HP9mfVVzIp5bHZvP8/cVy9f5O753rT0GY9bFGjlOdR71efg8X2fgRYCbx1Vr5djV2qv1sDa+fnmSS0d1Icv5UOKBUhPVGzcXlGZQH+nxuHiclmT1Do/nmlM+4rXlGvQ4pQ9TQAEFFFBAAQUUUEABBRQYhYCB0+FUN2r8kk520CbDTemzexAgqLB343E3WqZbdQ/T+pARCRAcPCnJ/cr8BAPJtKN246TGukl+UQ7+ySSPGuFCdkvy5hHOP8mpCaoSpJ3GQRCYUQWBCehWnyPgWgVnadpEnVFev39WnsPPRj5PCRACvdzDt0uybS3gScb0gUneWpt3OYcnJjm6BI2bjz0jCW8skLnqUEABBRRQQAEFFFBAAQUUmAIBA6fDXwSyrKpfwAkIEcBzjFbg60nuUTuEAevReg8z++ZJjk1yxzIJWZ40giJYOclx3yRfKAugSRXNfUY17lkaX5H52WmQQdpPt3QyHX83qsX2OS8ZoXR8bw6ClZwTr4+jHATAbz3kAa5McqtSZ/RmZS7MIYK/AAAgAElEQVSyQf9nwHnJHv5zI7P24iR8L9yhw5xkypJ5zdZ/GkldOOBxfZoCCiiggAIKKKCAAgoooEDLAgZOhwfll+QqKMRsmyX5wfDTOkMXgfWT/LjxNTJQX6HY1AnwfUFwsmp8Q4CKGpBsU5702DUJdXEZO5eg1SjXxPZ8zr/KeBzlsZy7HQHq374jyd1q0301yTtLtvLWjcNQluAujc8NG9jl+4eAO8FVgrFkbldb/MmG5Z5inG3GfTsX3VkUUEABBRRQQAEFFFBAgbqAgdPh74d9S1flaqZnJnn38NM6QxeBfZIc0PjaVknIQnVMhwAZ2C8rdR+rLEs6jD8nyZnTscS8KwnfqwyCXb10QJ+SpbuMEQvQKIzX8MfUjkOdVd6cObnPY1OPmeDrOo3n/THJx5NQF5Us7GaAlczXetkXygQ052guhXmoBUvN1R+VQCr3NVm//Kz/YqkNS63dqkxFn6fjwxVQQAEFFFBAAQUUUECBxRIwcDr89X5IEjogV+O9SXYZflpn6CBAphVbXm9S+9ovk9zUjuhTc78QdDooybNrKyJr7qlJfjI1q/y/AC5bsanRyX1Fwx62UlPrkpqWGye5ba3JEnU82X5Oxh8Bqpsn+ZINyaboig6/FO4Dmj5RtoH7mEGAkXv5hD6nJ/uUEhUPr5Vyqaa4JMnzGj83+pl+1XK/Vs+5V7lnuUerEiYEUJsZsfVjEFhlnouS/Lys8SvlT+5zgq9XlQZhBI0dCiiggAIKKKCAAgoooMBCChg4Hf6yU9O0Xm/wslIvj18+He0K0FDo7bUp2b760iSHtnsYZxtQgK35H21kyh2W5NWlo/yA0/b8NIJF1BPldY0sO+pJEgyjUznfj/cpgSWa7/C4NgfHIJOPup4EiL+R5CzLdrRJPNK5np/kVUluXI5Ck6jXJzk8Cdmh/QzeyGEnQv3Ng+r5H0hCmQiC7+MamyahVATfFwRTyQinUVb1PcDnKUdAA6zlxq+SnFMexPcbGbgEiXmz4fuldABzV5mv1mtdTtSvK6CAAgoooIACCiigwFQLGDht5/IQJKnXwXtEkk+1M7WzFAGyTMmSqn65p1YkDYYIptLd2jE5ATLdCDwRaKrGtUl2SvKhFpdFEHS7kg1KULTKCL1li8cY1VQ0/2GrNa8VZKpOujnWqM5z1ua9f5K3NhpMkV26d5emV8udH5nIpyYhWFkfvF5RquLoMTTMWm6NS32desRVzW7eFLxz7cF8z1X1ivme22CAA52RZJViQLb352o1XHkjDKfPltf5f5SdBOwy4LXfoYACCiiggAIKKKCAAgqMXcDAaTvkT0vCFv3Kk63J/ELuaE+ATFOCpPVhU6j2fAediWAmWaV8D1SDbb7bJvnhoJOW5xFoohkYW5HZgkyAdhSDZmP1tV5Rupt3O9baSag5ySC7kIZw/Q4yYsk6JEuPrDwCRjT4oXEWW7kdoxX473LfUoO0GjR+enkS/hxkcI9+rfZzoD4H2c5fHmTSGXnOfWvrbH5PbJhko8Z5UCajanK13CmS8UtWa31wjX5fSgmQ4Xp+kstLJi1v2pxXyizwfcbjmg0FlzumX1dAAQUUUEABBRRQQAEF/iVg4LSdG4FtkAQ8bl2bbgfrH7aDm4RGKQSX6r88k530X6UOX2sHcqK+BMiyJnOSxjYMMsg+WLYi99s9nmtMBumjSlOeeh3bvhZVHkzwlvqU3CffTHJNyUwmm+1tSe5XHkdmIHUe2xi3KvcqrwOVCQFW/k7wlyAOW5h7GWwVZ5v4t0og9Qe9PMnH9CSwe5LXJCGjknFukgOHyI6mARpv4lAbtdPPVO5pM4yXvzSUEah/f9w+CW9S1AeNACkLUI1e37jgzRBek6jryuA4fPD6wH3w55IJy9cIfvN5Bm/W8Hd2OvAnx+ajus5VU0KyaHksc/K1+t8J7LIrgjImZOlSP5efZdVrJKUTmJsMWwZBXt6IHWc5h+WvznUfQakHrhHnRykUzrs6D15v+ajOkZ8NvP7xJ4/h8dST5rWSa0w2Pi78m2uBAaVPeD6Bc0qhkHVM9jF/51gEy5nPoYACCiiggAIKKKDASAUMnLbHu1+pa1fNSB1Ffgkg28UxnADbnMlgrA9qydLAxzEZATrS05m+GgT69knyvi7LIQObICI1JAl2kPFXNWbaokOAZKmz4hdrAop0DL+6bH/nl3QyznrJ1uRxBDCu7PO4bUjfppT1IAPv7klu0agJ2+0YZNgRACbIizHn6+hP4E5Jjkhyl/I0gjA0g/p0f9P8x6MJ5B3ZJeuYQNGbk7x4iPl9an8CBN+4ztUguFdlqvOzmNegevYrwbvqfujvSNP56F+XmusEd3l9JajP6yVZuAQ4CdLiUA/WEuzFiGAur5/UbCfAfO8e695OUoJzYf28lvP9TDCVn0UEV48z03iSl8ZjK6CAAgoooIAC8yNg4LS9a8mWYn4pf2htyuOTPLq9QyzkTHRjP6rDmR+cZK+FFJnsSROsfn/JoKxWQrMYsurq293JRCK4SsCUTNJBB78MU/qC2ogEDck8pgv4oIP6jd8rTyYD7HGDTtTi86pu6GTwEvgh845t392yU2k+9Zkkn7CWck9XgYxCGj9VAUy6xVPX9KABGj9VByTg/YokO3dZAVl11Llm50G/2dc9nZQPGpkA15ZatdXg+7PZTG7zWlY5j2sGbEe2OCfuS4BM/Y+UusPzXCqjLxQfrIACCiiggAIKKNCfgIHT/ryWe/QjSzCj7kr2C921Hf0LkB10ZsmaaT6b4NKgtQj7X4nPQGCb8ktotd2VgBDbydmizDZT7nuyt/ZMQu1Ispr6GWTocU2/W7IreeOh7cxK6qa+oyyK5lWdgvL9rHmUjyU790FJyMh9QMmka75ms52Xbb2UIKDRDtlljn8LPCXJIbUgF6UkCKD+cggk3iTAnGBZt8HrFsFvtiQ7FlOgUxkBtvyTad5pbFJKfSyl1WzYtZiyg501W/+PKTsTTin1pQebyWcpoIACCiiggAIKLJSAgdN2LzeZKWSDEfCoBhkPW5Ytxe0ebb5nY4vh5ztk+nDWNNQhmESgzTF6AbKvCDDWG8AQNCXb7thyeDI5yQJ+SA/LIZhEd3n+JIuU7aUEmgj+jbquHwEvAqYMssbIYJ2VQXmDhyfZPsnDOmSk8tpD+QS28i96Mxy2GR9aXnu5vjQLel6SLw55sZ9ftt8v9aYAr1sEbNky7FBgmgSoJU0t5k6D8kJ8nUHjLhp41QdlDZqf4+vUKGWHQT+DeqVkfhNIZrt9t9f9O9dqEVNCoPqZT33zYQdzUe+abHTmdiiggAIKKKCAAgoo0FHAwGn7NwZNYNgSVrdlSyjdmh29C5yQ5BFdHk7w6OTep/KRAwoQvCYYSjOdalAr7+NJXlmCng9MQjBpuy7H4JdTgpNsLf9K2SZ/6YDraeNpbPMnAElQqwoStDHvuOcgsPG0JI8vGWz1hjkEJd5TgtqL1lSKRlycO68RDGof7p/kTUNcIL4PCFYfkOSWS8xDdjR1ft9Qay40xGF9qgIKDCDAayHZ3uyM4I08Pqg33+3/u2Sg8z3rUEABBRRQQAEFFFCgo4CB09HcGG8sTUeq2cms4z/yZNU5lhegnhydjTsNmq3Q0MUxWgHKTryzNHKqjsT9+9ySPU1garclGnSRwXNSqftLll/VpXq0q1569s2SXFAeQgZtlXk6yTW1cWyCAs8ogdRmF3ICxIeVep5tHGta5yCQzL1JEOQmZZHU4uW1go7mgwyy3V5Q6pRW5Sm6zcPWf8pTWD5kEGmfo8BoBciWpZEbNYd5s69ew5Y619S7diiggAIKKKCAAgoo0FHAwOlobgxq39HQpt7dl63JBASnIYA0mrNuZ1YyxtiKXy93UM1M7UvKHrhFvx3rTrOskWS/RnCarZRkTZPJRzCKXzy7vXbQyZmg5L5DNnEaxRk+q9RkZW6yNTmXeRqrlOwqzu3BJeOqOj+6TJPF/bE5DBKQmU5dXbbnM04rGf6DvlHFtmMyrSmH0MtghwFvNLjdtxctH6PA+AXY2k+jQpp13q/sOrgiCTWv2UHhUEABBRRQQAEFFFCgq4CB09HdHAQvCDTVa+GxjfPA0R1y5mcm4Hx6qT3Z6WRoPPTtmT/L6TwBMuoImFKbka3s1WB7/a6l+zhd3O/QZflXl9qabIme5Fb8pXSPTvKk8gC2XF8ynZeilVXRmIZyCk9NcsPGjGShsjWVJlkEVGd18Hrx+iS7lBOgLAHnTBftQQZb8nmN5qPXxmaUqaBOokMBBaZLgDdheY2gVAdvqvDvavDGNj8LKN3iUEABBRRQQAEFFFBgSQEDp6O7QbClOQkdx+vD4F9nc7YbUwdzgy6X5HVJ9h7d5VrYmQmYblMy7DauKfAL5UuSfKjUL317Y9t+9VC2Jr81ySeT0DBqmgcNk9YvvyyvN80LbXFtvA6RZUUjr4c2GkoRQOX6EjD/Y4vHHMdUlIkgSLpOyfSkhAdZzoMMtu2+omTpbtjjBNT6fUySE3t8vA9TQIHRCtwuydNLPVMaYPF/iRXLIS8uzSYpAcTPKrPDR3stnF0BBRRQQAEFFJgrAQOno72c/Mf96yVYUx3p/CR0IOcXb8f/CTw5Cd3O6w1u6jYEJwj+UCvW0Z4A2aUEpOtNkiglwbUg4M+2e75ebw5VHf0XJTuVzJ1ZKJ2waWlSxfqpZ0ddu0UbGFCugC3ot6md/EUlM5VyItM+qCP6mhIcIVv22LIt/1d9LJyfe2zHp+70fUqDrV4yTDneD0vWO1mpBJ4dCigwfgHe7OCDOsT/U16/mqtgKz5vqBAoJRudn2cOBRRQQAEFFFBAAQX6FjBw2jdZ3094QGmSs1Ltmfyyv2PfM83fE6jJSBCr6oDd6QzpEE6W7q/n7/QnckZsR2aLIoGfWzRWwFZ8muuwhf1GSU5NctcOqzy5BJuofToro17flBIaZCYt6uANCrbwExSvGilhQbCcxnbTOMiKpvxJFfDmHiSA2k+wl9fgY5LcNwk1D3sZvJHAMd6d5Lgks3TP93J+PkaBWRCgtArNnXjTmczSezVqOF+Z5KzyvUot535eF2bh/F2jAgoooIACCiigwAQFDJyOB5+6pi9vHIoagwSpFnGsnOQJSaiHSTOiboPt4mSTWIds+LuERmUEDx/fCBqRLfrpEjD7Yu0wr+1SGoGt3dSUvGb4JY11BoJeZCuyJR0Ltm4u+li7NMtiy3k1Di8NU6bFhnq7BHN5vWCcXRqXkencz6DOK82iNu/jSZR2eEZpNvWPPp7nQxVQYDiB7UuglPIxnd7o4P8EBEqPL80kqY3uUEABBRRQQAEFFFBgJAIGTkfCep1JyfB6VZK9ajW3eBCfo3HBvI+7l3qZZI5Sk5C6mssNsh2faKbpckxLfp2MUrLy2JLczC4lgPiuJEcmObcxC3VA2dpIRnB9vDDJW5KQhTdLY7UkV5X6nt9LssUsLX7Ea+V7kdegPZJUPw8+VjI7J32d6VTP/clrBlnQNGHiDad+x9ZJ/jcJr0PLDc75nCRkrXGv91MCYLm5/boCClxX4BGldAY1mMkmXasDEoFR6pNSU/sMy2R4GymggAIKKKCAAgqMU8DA6fi0yawkW6++LZ1f0smAIkg1D4PtdGSI8EE9RWop0tW2XkOzl/MkYPGyGWg21Mu5jPsxbLF/VGnoROCpWTeWLJ0jktBhvluDDJruEHCtxtWl8Q7blf8w7hNq4Xg7JPlwmYdMWhoBOf5TgIAkwdNqXFgCjQScxz3IMCNISh1WXiPJTOee7LeBFQFX6vVu2+MJ8DpMEJl7xRrUPaL5MAV6FKBsEf8Poq7wHZLQwKnT/w34ufS52tb7z/Y4vw9TQAEFFFBAAQUUUGAkAgZOR8LadVJ+aWC76Ca1R1yQ5J5JfjvepbR6tAeXYBzNGoYZNH9i2zDZXo7+BMgoZRs+gZ/rN55Kt3u2YB+V5Ls9TMs9uVl5HM/ll1iCsbPanIvmIASRGZR++E4PBov4EMqJEFiufi68Osl+Y4Sg7ughpf4z9UgJYB7a4z3bXCavRaeUJlJLnQLZa9T2pSYiHzSAciigwGACvL7ShIksb94U5oMMf97E6DQovUHDNX4ufbNsu7c0z2D2PksBBRRQQAEFFFBgRAIGTkcEu8S0BKS+39iyT50uusbP6vhSknsPuHgyymgARQCDmq/UFXT0LkBmL9l4NHxqfj9zn729dB7vNXOQX3LrgUWy/O5Xrk/vq5qeR9IMizclKDtA5tJDpmdpU7mSepCZAAj3F9+foxzct2SZP6VkpH2rZAVTrmOQwbU+MQkZbt0G9zWZyCcNcgCfo8ACC9BQboPSoOnG5c0otthT4qXb4E0JGjzys4U35i61gdMC30GeugIKKKCAAgooMGMCBk4nc8HYqvaZJAR1qjHLzaI+kOTJA1CyJY+g8UusZdqX3kbFe7ck/OLaHDRCon4pmaL91qkk42/P2oT8ssvx+t0m3dcJjfDB1M+rMpjZ8l3fjj7Cw8701DQLo97g9crrFH8fxeD1j0ZjlOXYsJSB2D0JryedtsrftCxiqYy0FZN8PQn1lLuN88r5+SbNKK6qc86LwOqliz07YmjSxtZ63vglQNqsf805ExD9Rak/St1s3gChtIsd7ufljvA8FFBAAQUUUECBBRUwcDqZC89W6gNK92pqgFZj7ySvm8yShjoqtU1pHMR51ZupsAWvCk5wniuXX6w4GJ/n647eBLAlyMTHXUtQq/5MAqT8okozHbbkky04yKDOI78gM6htSl1TMoFndZBx+9ySdXpHM5p7uozPKnVFq+DIYUkI0rc52MJ7cCmh8PcS3H5akt93OAgZz8ckWbd8jWxSsojJsiaL+NgkXyw1lV+Q5LZdFkqDKc7lHUmuafNknEuBGRYge5Rao/wcp+wOf27V5Xz4uc336BfKz3p2ilxRShDNMIFLV0ABBRRQQAEFFFCgu4CB08ndHWRzkRFII5T6oHENdQYdCiBAtg9lHAhckU3XHFcm+XjJMP12kn8MwUbAtN6ojO39Wya5eIg5J/lUXt/ITiTg9pvyJ0E6x9ICuL2x3HPVz4gXlc8Na7d2EmqnPq9MxL1F/dnzGxPTWftxSXZKco9hD5rksiSPTcL3iEOBRRS4ddliT1kdvr8ow8EW++pNzabJV8rPA0p18MYE/3YooIACCiiggAIKKLBwAgZOJ3vJycAke4qMqnpDn2eXQNhkV+fRJyVwwyQvTfLERiOx+nqoEfeeUsOU4Gkb4/ZJaNZRH6sm+XMbk09gDkpi8As/431Jdp7AGmb1kGyLp/7nncoJsHWe+rdswR10PKNkmdIEinuWxlM0LatnR1c1e2l01umNgkGOzZsJZGkbNB1Ez+fMigBvQKxQMq6r7fRk2fO93KmkC+fFG2U/K7VHee0nSMoHP18cCiiggAIKKKCAAgoo0KGZjCjjF+AXnJNL9+cqeEqQYq8k1D11LIYA3Yip9UgwnSxTMvM6DRrmUKuTrZJtBzSbjaHI0tt4hvnZlv38km1KtmEVRJ3hUxrr0umETaCUZjAMus9vP8AK2PpLyQey6/+W5IgklCWpGpZRh5a6uoM2mFtqSdRcfEypezrA0n2KAhMV4OfCjZL8qWyfJwD6l7KlfrUkvMnG99dSg2711BqllAvP5d9k4jffJJvoiXpwBRRQQAEFFFBAAQWmVcCM0+m4MmSE0EDh5o3l0GmaxkmD1qucjrNzFd0E7pDk6SWzlCBVt0EA8yMl4DTKbfN0IT+ttohR1LYc193AmxCXJ1mv1GrFt1PDoXGtZ1aPQx1RmjVVPytoFEZGWi+DciRkTr8yCZnLBGp2TfK1Un6CIOzDlniToH6MX5Zt+7wWPqHU4WULf73BXnNNvMlATeCf9LJYH6PAmASoJ8obY9QQvnupV01JFJoxkTFKY7Olfh7Ul3lmCYryBsGF5TWO/0tQkuS7SWjA6FBAAQUUUEABBRRQQIEhBAycDoHX8lOpNbZPErao1q8LjX5o1mLwtGXwCU3HtX1VkmeWhhzdlkGTLTKR31a2UY6jNie1VD9WWxCBLbIMZ3HUg8AfLsG2WTyPSa+Z4P5ZtUVwf5C9u9ygbiKN7p5TGjEdVP7NdWGLPoGiXgbBoHcleW9pCFV/DjVQj06yUvkkWXlfL5l1n0ny5V4O4GMUKAJkPhOI5zWabP6q/jilHigtwb/J8uTf1esxfxLw5PuE3QJ/LHMxR/VGDY37eA4ffI43SrsNGi9VJSUI+FcNFAmAEghl/DTJRV41BRRQQAEFFFBAAQUUGI+AgdPxOPd6FLbhsTW2WY/s9CT8UkeDG8fsCfB9tnXJvttmieXT6fu4klk6iaAPHZUJOFXjzrVf1mdNnfqv1DRlaypbwOn+7OhfoAoAVWVEri7Zcmy57zYIlr6mvI6xHZ83CdhuTPb85j0u4TtJDiyB+6XeNKDxF01vGLx20uHbMZ8CVYCSs+N+rP7/QmYz/yZbkyAl98sDS41cPscgYEnNY7a2V/c0NZ2HHQTqe3lTk63x1BMlA56aoqyTzFBe8xnsJDAzetir4fMVUEABBRRQQAEFFBiBgIHTEaAOOeVmSY6vBQOq6diKR0YgQVTH9AvwizzbkHcsQW9+6e80+IWeYOVHS7YntegmNciE4pf6apD9TImAWRtsCydQQbCOrazUjHWb/uBXkZqINFeqxv4la7o5I1uQySalCRTBK7b4fyrJ7uWNg+VWwFb+D5Xvg1GWpFhuHX59aQGyK2niVWVQ8ppFNmY9cMk2dLacE1QksMn9wAevi1uV6Xl+FYDn+5NsTz7H4/ng/ycEGGkSxt+Zs61xSSnlUc1Hlmf12sua+DlbD9izA+C8tg7uPAoooIACCiiggAIKKDA7AgZOp/NakZXy/iT36lDD77VJ2PY6yQDbdKpNdlUERtmGfNsSGKgynjqtiiw8MiAJlhJcarvJ0zASBBppSML4yoga9gyzvl6eS2kLurUzyHI8tJcn+ZiuAmyrJzuOYFY1Xp/kzUl+XD5B4Iwt9bcqdRUpR0GGH2/2LDWqYCkB02ouL8X4BHhzgWtE0PM2pREYQUx+BvFaxmvTJi0vp6rLWZ+WTOE2ApOslyZIBFzrw8BnyxfR6RRQQAEFFFBAAQUUWBQBA6fTe6Wp20dzKJqzUFetPtjGTe3LWcwGnF7x/lbGtvaHJ7ljqW/3X8s8nfqL1AulRuQJtUyr/o46+kdTEuLjJZBC5hXZYQQiZmkQgGH7NuZkQVbd22fpHKZtrQQ2dygZg9XayMi7tGw3JsjGoPYi2b6UR+g2eN4pSQ4uwflpO9d5WQ91symNQBYnb+ow+JOf+2SMDjJo7FVlb1N383u1SSiLwWsFx6sG9wJ1ah0KKKCAAgoooIACCiigwEwKGDid7svGtsYXJSHLlO2KzXFkkheafTrSi7hGqdFI92OCo2w/7bbtvr4QgkNfKgEimjydM9JVtjc522UJ7BIYZtCcpO2Ms/ZWe92Z7p/kc+XTnMd2ozzYAs3930lOK1mIw5z255PsajBtGMJ/PZfyEzQSelCStUpTIr5n+ZleNTXq9SBVnU4CnJSEYZART6Mj3jz5aq8T+TgFFFBAAQUUUEABBRRQYN4EDJzOxhWlsdA7ugQtyD59emkuMRtnM52rpCEXQQgytGiKtEXZrtrraqmJ96Oy/Z6tqPx9VscxtS70bHkla5PMsVkYZPSy9ZhSFtSYNejT3lUjS/ELfX5fVEe/oNQ+JWPRsbQAQeqbl1IHa5bXI95EI7v9Jn3gXZ6EWp5kXvOaRBCUerXUHaWWMc2KHAoooIACCiiggAIKKKCAAksIGDidnduD4BW1G1/RqDXIGfymbNs/Yoa7oI/jShB8oJMyGZRsWWU798rlT2r99Tqoy3hZycxkWzgfbFudl0Hzl7NqJ7NP6XA+7edHcyu2jpM1+8EkT+lQ63Daz2Ha13e/JCeV75te1/rsKazl2+vaR/k4AqFsp6fxFn/eMsm6ZXcBr1VLjWrLPK9Fvy3b49kmT5YotYkdCiiggAIKKKCAAgoooIACLQgYOG0BccxT0KiF2qYbdTkuNefYFv6yRof0MS9zoofbuGRpbVCytsiaZAs32+77HT8tgQi2rpKtRWZpvYZfv/PNyuM5bxrEMMhOw3Laz/t1SfYqNU23TWJ2Y7t32/7ljRtmJYuRAHW3AN/FpVnU0TOUrdyuVsLrEI3WblHKfJCxSyYpn2ObfbeSH78ur+EERfk7AdFriqP1Qtu+Ss6ngAIKKKCAAgoooIACCiwhYOB0Nm8PAlrUb6y6n3c6C7Zl0gmbLZrva2QQzuZZ/+eq109yj1LfjwAFmaR0hd6wQ0ZuL+dLUJCgKNmjbCv+TgmUTlPH+17Oo63H7JvkxbXgziOTnNjW5COYh/qzBHvJIP5Jkrst8BsHbfISHKXO8h5JKGdBYyAaRT2vWPN9d8MkvKHD4HWH+6SesdzmeqZpLoKglFFZuzTDYhs9Wew09uslg51yEt9OQoCUWsKUXfnuNJ2ga1FAAQUUUEABBRRQQAEFFl3AwOns3gE0iyJ4cUAJXPR6JmzjJLBE5hL1H9lizi/6BEhWK38nOMJ2XIIg9UEwYLPyCerjjWJ7OoEYAhE0P+EcVylbWKusrW6Ztr2cP7X9yMglYHFukitKgIcMXWoBOv4tUG+yxGdPrTWMmkanp5U3CFjbJ5JsP42LnLE13ScJZRqo/cugvumrFqxuLA2XeGPmTiVjndclsmx546afQcd5stYJlPInrze8seVQQAEFFFBAAQUUUEABBRSYYgEDp1N8cXpcGgFPap8+s2Rd9vi0iT+MracEZvngHAhq9pKl1cvC6Wj/xZI1SnCUDFICpj/u5ck+5l8CBK3ptk0dRv7OIGg9rU2vyMB+RNlCTvYjmcOOwQWek+SQ8mYK1/yFJct92ss1DHLGlPCgIYz86tEAAApwSURBVBx1RmkOR5CUAOkgo3pTitebX5Zt9pT4IHDqUEABBRRQQAEFFFBAAQUUmDEBA6czdsGWWO4KSXYvWahkSC3CYBs9AQqCZAQs+JMtwtYBbOfqk9F8WJLqdeKgJC9vZ+pWZ1knya/KOtnqTBDMMbjAu5M8vdS0PT7JM0rd2MFnnJ5nsr2eshOUOdmiZI6Scd+t3mi3lbOtnkZMZO2TRcobNJT3cCiggAIKKKCAAgoooIACCsyRgIHTObqYtVO5WRI6oz+8ZE7NYiCJcgFkapGRelGpV1n/HAHTq+bz8k3NWdHMhrqv1A9lXFma2xAwmqaxZ8mOZE3UZn3NNC1uxtZyaKlty7L/tzTbornarI6dkmxVMqcpA0IN3F4HNXPPL98DlCUhQPpz35jplc/HKaCAAgoooIACCiiggAKzL2DgdPavYS9nQODrIaU+Kc2TqjqhNHVhezyBsKtrE61VAg31uQlg0sSE51AjlK7QbInm30sNHkfAoRrM8dvav7kHCWZQ94+trdT9I0DqmLwA1+byRj3H3UoW6uRX9+8VEESnpAAdyGkQRvafo3+BHZIcWzJ3T06ybck67X+myTyDZnH3TbJJkkfVAv7LreayJHzw2kM5DzLXedNmURvDLefl1xVQQAEFFFBAAQUUUECBhREwcLowl9oTVWAggVck2a80xGECtsQTfJ+Wmo1kE7JdmvHJEjAb6EQX/El3S3JaqWlKsJx6n7zpMS2Dn1VkzlMPmTeCuAc3SHLXUtuZcg29jK+VN4Ao6UAmOxmlvGHjUEABBRRQQAEFFFBAAQUUUOA6AgZOvSkUUGApAYJT3y8dxavHvSDJW6eE7f1JnpKErdQ0SDtuStY1S8ug7idZ4QQfyT7fMcmJEzgB7rVHl6AoayFzdJXy52oDrIfmZpcmoU7rD8p9PMA0PkUBBRRQQAEFFFBAAQUUUGBRBQycLuqV97wV6F1gryQH1ppEUeeRoNafep9iJI+k5MQFJQuRwBjd0N1e3R81AclzSrCSZ36wBKJHVdf0ViVzlPq5t05ylxKwpTzIMIOt9dTgPamcD8H+3wwzoc9VQAEFFFBAAQUUUEABBRRQwMCp94ACCiwnsHHZ3lzP+ntdkr2Xe+KIv/6WJGS/kiX5wiR0g3f0J0CW7rvKU6jzydb3YWvErluCo9SbrQKjbLGnBukK/S2v46MJklKLlIzSzyb5Sck4bmFqp1BAAQUUUEABBRRQQAEFFFDg3wIGTr0bFFCgF4G3Jdm19kDqX7LF+6penjyCx9y4BMxWKs3KbtZocDaCQ87llI9IckI5s6NLtukgJ7pikt2T7JJk81p28iBzVc+hni7B0bOSXJLk3EajuWHm9rkKKKCAAgoooIACCiiggAIKLCtg4HRZIh+ggAJJ1ivBKzIHq3F4kudMSOeIJM8ox96nlBKY0FJm+rAEnMnYZFyY5H5JKMVQHwSpt0uyZpLVS6OwlUvAmiZSBK+3Ll8fBIMg/PfKB8FRyi7Q8OvaQSbzOQoooIACCiiggAIKKKCAAgq0JWDgtC1J51Fg/gUOSfLiWjbhNUm2nEDTnRsl+UVpHPSHsh2coJ+jfwGCob9tPO2nSX5UGoLdtv8puz6D+rNnlG31pyf5VgnG08DJoYACCiiggAIKKKCAAgoooMDUCRg4nbpL4oIUmFqBtZNcnmTV2go/muRxY17xfkn2LcckmPvSMR9/ng7HzwC2xNPFvq1BQJ2GU5QAIFD6s7Ldvq35nUcBBRRQQAEFFFBAAQUUUECBsQgYOB0LswdRYG4E9kxycJLr1c6IrNMzx3SGBPhoDMRWcca2ST49pmPP62HYZk/ZBbrcDzPIIj2mfPx6mIl8rgIKKKCAAgoooIACCiiggALTIGDgdBqugmtQYHYE1kpyfhI6p1fjy0keOKaalO9M8uwk/0xCnVP+7hheYNMk+yfZoY+pyFS9qHS2P34CJRv6WKoPVUABBRRQQAEFFFBAAQUUUKB/AQOn/Zv5DAUWXeDdSZ7eQHhuEoKaoxzrJ7msNCeigdEjx5jpOsrzmqa5DyqlF9huT9MottrTpAl3PqpBvVKyjP8+TYt3LQoooIACCiiggAIKKKCAAgq0KWDgtE1N51JgMQTYmk9jn/pga/Zdk4yy0c+HkuxYDnpxErIkyTx1KKCAAgoooIACCiiggAIKKKCAAq0LGDhtndQJFVgIgTck2TXJDWpn+80k1MskQ7HtsVWSr9YmfUmSQ9s+iPMpoIACCiiggAIKKKCAAgoooIAClYCBU+8FBRQYROAxScgAXanx5Pcl2XmQCZd4zqpJCMrermwNP6pDqYCWD+l0CiiggAIKKKCAAgoooIACCiiw6AIGThf9DvD8FRhc4NTSFKo5wwFJXjn4tNd55n5J9i2fvTrJPZKc1+L8TqWAAgoooIACCiiggAIKKKCAAgpcR8DAqTeFAgoMKrB5ktOTrNlhguckOXzQiWvPe3SSY2qZrW0HZVtYolMooIACCiiggAIKKKCAAgoooMA8Chg4ncer6jkpMD6BnZIcmeR6jUPStGmXJGzdH3TcN8kJSVYvE5BlyueuGHRCn6eAAgoooIACCiiggAIKKKCAAgr0KmDgtFcpH6eAAp0EVk5yXJJtu/CwZZ8s0X7Hi5Lsn4T6poy/JrlLku/3O5GPV0ABBRRQQAEFFFBAAQUUUEABBQYRMHA6iJrPUUCBusCKSU5Lcu8OLNckYdt+P5mn+zSCrX9IsleSt8mugAIKKKCAAgoooIACCiiggAIKjEvAwOm4pD2OAvMtsEaSzya5a4fT/FuSPZO8uQeCtZJcUqub+o/yvBcnYfu/QwEFFFBAAQUUUEABBRRQQAEFFBiLgIHTsTB7EAUWQmC1JD9McpMuZ/v2JLsl+fsSGm9M8sLa13+c5FZJyFx1KKCAAgoooIACCiiggAIKKKCAAmMTMHA6NmoPpMBCCBA8PSXJVl3O9sokb03y0/K4y8vjtkuyZRK26VeDAOvtklywEHKepAIKKKCAAgoooIACCiiggAIKTJWAgdOpuhwuRoG5EFgpyVFJnrDM2bCF/ydJNuryuMNLfdS5QPEkFFBAAQUUUEABBRRQQAEFFFBgtgQMnM7W9XK1CsyKwApJXppk/yTX63PRZJqeneR+SX7X53N9uAIKKKCAAgoooIACCiiggAIKKNCKgIHTVhidRAEFugiwZZ/apnfoQ+icJLskOaOP5/hQBRRQQAEFFFBAAQUUUEABBRRQoFUBA6etcjqZAgp0EFglycOTPCXJNknIRu00zk+yR5IvJ/mzkgoooIACCiiggAIKKKCAAgoooMAkBQycTlLfYyuwmAKbJnlokocluW0SaqKenOSZSah76lBAAQUUUEABBRRQQAEFFFBAAQUmLmDgdOKXwAUooIACCiiggAIKKKCAAgoooIACCiigwLQJGDidtiviehRQQAEFFFBAAQUUUEABBRRQQAEFFFBg4gIGTid+CVyAAgoooIACCiiggAIKKKCAAgoooIACCkybgIHTabsirkcBBRRQQAEFFFBAAQUUUEABBRRQQAEFJi7w/wF2yfA8nq5rlAAAAABJRU5ErkJggg==', '2023-09-21', 'data:image/png;base64,iVBORw0KGgoAAAANSUhEUgAABU4AAAC0CAYAAABL9LYgAAAAAXNSR0IArs4c6QAAIABJREFUeF7t3Qe0LGWVt/H/ZxYwoo5ZMYuoI4KoKOaAijlgRFExizjmHMYsJjCggopjxJzRMWAWUUDFwaxgxkBQEUX81jOza6Zs+5zO3dXdz7vWXffcc6qr3vpVnT737Nrv3v8vDgUUUKC7Asck2bZneq9J8pDuTtmZKaCAAgoooIACCiiggAIKKKDAKgj8v1U4Cc9BAQVWVuDHSS7Vc3YHJHnwyp6xJ6aAAgoooIACCiiggAIKKKCAAp0QMHDaicvgJBRQYAOBE5JcwMCp94cCCiiggAIKKKCAAgoooIACCsxbwMDpvMU9ngIKDCuwdZJfJTlzzwten+SBw+7E7RRQQAEFFFBAAQUUUEABBRRQQIFxBAycjqPmaxRQYB4Cd0vy9j4HemKS589jAh5DAQUUUEABBRRQQAEFFFBAAQXWV8DA6fpee89cga4LvCHJfftM8lpJvtr1yTs/BRRQQAEFFFBAAQUUUEABBRRYbgEDp8t9/Zy9AqsscFqSs/Wc4PFJLrnKJ+25KaCAAgoooIACCiiggAIKKKBANwQMnHbjOjgLBRT4R4GtkpzSB+WQJHcVSwEFFFBAAQUUUEABBRRQQAEFFJi1gIHTWQu7fwUUGEeA5fhf6fPCvZO8Ypwd+hoFFFBAAQUUUEABBRRQQAEFFFBgFAEDp6Noua0CCsxL4P5JXt/nYDdMcti8JuFxFFBAAQUUUEABBRRQQAEFFFBgfQUMnK7vtffMFeiywP5JHtYzwdOTnDvJqV2euHNTQAEFFFBAAQUUUEABBRRQQIHVEDBwuhrX0bNQYNUEjkhyzZ6T2i/JI1ftRD0fBRRQQAEFFFBAAQUUUEABBRTopoCB025eF2elwDoLbJHk5CRnbiH8Jcn1kxy+zjCeuwIKKKCAAgoooIACCiiggAIKzE/AwOn8rD2SAgoMJ9CvMdSJSS6U5K/D7cKtFFBAAQUUUEABBRRQQAEFFFBAgckEDJxO5uerFVBg+gIHJtmztdszkrwoyROmfyj3qIACCiiggAIKKKCAAgoooIACCvQXMHDqnaGAAl0SOHuSU5KctTWp45PcNslRXZqoc1FAAQUUUEABBRRQQAEFFFBAgdUWMHC62tfXs1Ng2QTul+Sgnkk/O8nTlu1EnK8CCiiggAIKKKCAAgoooIACCiy3gIHT5b5+zl6BVRP4ZpLtek7qqkm+tWon6vkooIACCiiggAIKKKCAAgoooEC3BQycdvv6ODsF1kngVkk+3HPCH6xl+uvk4LkqoIACCiiggAIKKKCAAgoooEAHBAycduAiOAUFFPhvgQ8k2a3H4hrWNvXuUEABBRRQQAEFFFBAAQUUUECBRQgYOF2EusdUQIFegaslObrnk39MspVUCiiggAIKKKCAAgoooIACCiigwCIEDJwuQt1jKqBAr8Abk+zR80mW7d9GKgUUUEABBRRQQAEFFFBAAQUUUGARAgZOF6HuMRVQoC1wniQnJDlrD8uDkrxWKgUUUEABBRRQQAEFFFBAAQUUUGARAgZOF6HuMRVQoC2wT5KX9CG5cpJjpVJAAQUUUEABBRRQQAEFFFBAAQUWIWDgdBHqHlMBBRqBcyT5dpJtekh+l2RrmRRQQAEFFFBAAQUUUEABBRRQQIFFCRg4XZS8x1VAAQTuneTgPhTvSLK7RAoooIACCiiggAIKKKCAAgoooMCiBAycLkre4yqgAAKfTHLjPhSPSbKvRAoooIACCiiggAIKKKCAAgoooMCiBAycLkre4yqgwNWSHL0BwzWSHCWRAgoooIACCiiggAIKKKCAAgoosCgBA6eLkve4Cijw/CSP78NwSpLzJjlDIgUUUEABBRRQQAEFFFBAAQUUUGBRAgZOFyXvcRVYb4GzJ/lpkgv0YfhMkhutN49nr4ACCiiggAIKKKCAAgoooIACixYwcLroK+DxFVhPgTsnOaR16mSXnqn+/Z4kd1pPFs9aAQUUUEABBRRQQAEFFFBAAQW6ImDgtCtXYjrz2DrJHkmumuTPSbZIcp4k50xyeJJPJ/nUdA7lXhSYSOCDSW7T2sNvk3D/MnZP8o6J9u6LFVBAAQUUUEABBRRQQAEFFFBAgQkFDJxOCNiBl7PU+dFJ7pLkckPM58tJ3prkK0m+k+SkIV7jJgpMU+DCSY5Lctba6Z8qyN8cY7skx0zzgO5LAQUUUEABBRRQQAEFFFBAAQUUGFXAwOmoYt3Z/nxJ9k9yjwmndFqS/6pA1SeSvGnC/flyBQYJPDzJfq2N3pLknvVv7kcypP8+aCd+XQEFFFBAAQUUUEABBRRQQAEFFJilgIHTWerObt87JPlwkgvN4BA07Hlc7f/kGezfXSpA2Ygdi+HEJK9K8qT69+eS7CKRAgoooIACCiiggAIKKKCAAgoosGgBA6eLvgKjH3/7qlNK7dKNBtl6f0vCsvzTWxtdPQmZqsOMXyZ5WpIDk9C4x6HANASuluTo1o7eVvV471efe1mSfaZxIPehgAIKKKCAAgoooIACCiiggAIKTCJg4HQSvfm/9oZJ3lcNn3qP/pckn0nyriRvrmBU7zZnSXKzCohSR3KrIU7hF0kem4Tl1A4FJhV4Yd1P7IeA/K5JXpvkUrXj3ZJ8aNKD+HoFFFBAAQUUUEABBRRQQAEFFFBgUgEDp5MKzuf1BDxfmWSvDQ53SJK9kxDkHGVcKclVklwvyZ5Jzr3Ji/9Y3c4Nao0i7LZtAd5vfpLkEkn+muQ1tUyfGrsMsqO3TmKJCO8bBRRQQAEFFFBAAQUUUEABBRRYuICB04VfgoETOHuSw5LstMGWz0vy9ApEDdzZJhtwnMckeWKSLTfZ7rNJHmrX80mo1/a1t6rauQAQOL1mkhsleXmJ0Jzs5mur44kroIACCiiggAIKKKCAAgoooECnBAycdupy9J3Mx5LcYoNpPjPJM6Z8CgRNH53kUUnOv8G+f5fkLlVrdcqHd3crLPDOum84xc9XE6gvtR4KUNuUGqcOBRRQQAEFFFBAAQUUUEABBRRQYOECBk4Xfgk2ncCDk7y6zxZHVHCTDuSzGtScJDj6giRn6nOQnyfZYYzyALOar/vttsBFapn+WZMcmeSOSU5NcnwSPscS/usm4b5yKKCAAgoooIACCiiggAIKKKCAAgsXMHC68Euw4QSun4Slyyyhb8bfk7wjyeMq4DSP2V8wCZmt1Fc9c88BD0hCcNehwCABspj3rY2aJfn3S3JQfY4SEDcYtBO/roACCiiggAIKKKCAAgoooIACCsxLwMDpvKRHOw7d7n9cjXLar3xfkock+eVou5vK1tSipPv5Nq0A6p+TXCfJUVM5gjtZZQGW5u9cJ/iAJAfWQ4C71ueemuTfVxnAc1NAAQUUUEABBRRQQAEFFFBAgeUSMHDazetFs6fe2qUfTfKwJD9a4JSvmuSLSQjsNuOYJNstcE4euvsCl6779owkhyTZPclZkpyQ5Lw1fRpFfb37p+IMFVBAAQUUUEABBRRQQAEFFFBgXQQMnHbvSlPn8Qs90/pbkpskOawD06WBz4t76p5eqIJgHZieU+igAPfMS5KQofzk+phMZYLwDJqNbd3BeTslBRRQQAEFFFBAAQUUUEABBRRYYwEDp926+FtUMOnqPdMi+5Q6o10Y50/yq8oYbOazS5JZNqrqwnk7h/EFvp/kshUgJWD63SQHJ7l37fLtSe4+/u59pQIKKKCAAgoooIACCiiggAIKKDB9AQOn0zedZI8ESFmm3x7fTnLtJKdMsuMpv/Y7Sa7Q2udjKwt1yodxdysgwBL8I5KwTP8/kuxRQfffJDlPnd+TkjxvBc7VU1BAAQUUUEABBRRQQAEFFFBAgRUSMHDanYt5sSQEJLdsTelPSQg8Hdudaf73TJ7QE+j6eJJbdGyOTqcbAgcluV9N5Vn1YGC3JB+ozx2f5DJJTu/GdJ2FAgrMWYBVDHdJcrck10rygyR7JvnanOfh4RRQQAEFFFBAAQUUUECBfxIwcNqdm+LdSe7Ymg4Zei+qIGV3Zvk/M6FJ1Ddak/p7kvMlOalrE3U+CxU4V5JfJqEEBZnTLNM/OcmHkty6Zva0JM9e6Cw9uAIKzFPgTEn2SvKvSbatFRVn7ZkAD1zuP89JeSwFFFBAAQUUUEABBRRQoJ+AgdNu3Bc7JPlqz1S+kuSWSU7sxhT/aRbUOaUpVDN2bjX76eiUndacBR6Z5OVJaG721MpSptbp95Lw3vPbJDtVhtmcp+bhFFBgjgJXSvKAJDesVRSDDm35jkFCfl0BBRRQQAEFFFBAAQXmImDgdC7MAw/y4SS3am3FEv07J/nowFcuboPPJrl+6/Ass3zn4qbjkTsmcJYk30pyxSQ/r4cA36zgKaUeGK9J8pCOzdvpKKDAdAQowUEDuNsk4eHgMINyNa9M8qp64DLMa9xGAQUUUEABBRRQQAEFFJiZgIHTmdEOveNtkvywZ+vX1VLGoXeygA0PT7Jj67j8ckwA2KEAAndK8q4KfuyXZJ8kZ07ykyTU8/19kocmebtcCiiwMgK7Jrl7ku3roQkPUAaNXyc5sBoM/m7Qxn5dAQUUUEABBRRQQAEFFJingIHTeWr3P9Zzkzyx9aVDk9wuyWmLn9qmM/hZkou2tuAX5SM7PmenNz+BT9ey3N/UQ4D3JrlDkvckoSYuQXaylMmudiigwHIK8H8IgqU3SfLoEU7hz0k+l4SHKvzM+8sIr3VTBRRQQAEFFFBAAQUUUGBuAgZO50bd90Bk49A8Z+v6Kp3F965lioud2eZHP0fVp6TpTzPOa3OoLl+yuc6NuqVfriN+oYIqPAjg4+smOSXJ42qp/lwn5sEUUGAqAjR14sEHdUvbD9AG7fwXtXz/qPoZMmh7v66AAgoooIACCiiggAIKLFTAwOlC+bNbkg+0psCS/SssSW03MoTanZAvmeT4xXJ69I4IvLWW69LYbPfKKLt2ki/V/HhYcI16aNCRKTsNBRQYIMCDMrLG71FZpqP8/+G4JC9L8tokf1RaAQUUUEABBRRQQAEFFFgWgVF+8VmWc1qmeVLfkawdBsuXqQ33jiU5gU8luVFrrgTGvrIkc3easxMg++xHSc6W5GvVGIZA6Ucq2ELA/SlJXjS7KbhnBRSYosBeSR5UdUtH3S01SylHc0CSP4z6YrdXQAEFFFBAAQUUUEABBRYtYOB0cVfgfNVtnGXvDIJN2y1RzceXVMOfRpAadwRTHestQBMo7o2/Vu3efZNcr+oZIkMghX//13ozefYKdFrgykkeWPWJtxww07/Vg792I6iT6n3gVUmoc+xQQAEFFFBAAQUUUEABBZZSwMDp4i7bvyd5cuvwz0jyzMVNZ+QjPyvJU1uv2qUVHBt5Z75gJQTOVOUayDql6dPOSahl+MUk16kGMM9Jwr3jUECB7glcKMnjkzwySTsQ2jtTgqXfT3LFni8QJD0oycvrwWD3ztAZKaCAAgoooIACCiiggAIjCBg4HQFrypt+szJM2S1LGPkF9OdTPsYsd0cmYbuLMvP/7iwP6L47L3CtKtdwRpK3JblvktsmeXfNnBq+d0ny9c6fiRNUYL0EqK39tCR3TnL2TU6dOtY0MdymZxsyTF+fZL8kP1kvOs9WAQUUUEABBRRQQAEFVlnAwOliru4l6pfLxp8l7ix1X6bxlmoS0syZxiGnLtMJONepC7yhgqV/TrJnBUyPSXK5OtIrkuw99aO6QwUUGFdgxyQvTHLDTXbw+yTfSEIm+eV7tju5HpLsn+Rb407C1ymggAIKKKCAAgoooIACXRUwcLqYK/P0JCzNb8b2SY5czFTGPurHk9ysXv3rJP8y9p584SoIcP1/Wst7j6hAzH2SUOOQQeCFbFOzklfhansOyy6wbdUv3exBBoHQHyQhuErQtHe8qcrLUJ/boYACCiiggAIKKKCAAgqspICB08VcVpYsN0sdCST11olbzKxGOyqd0ptg6c+SXHy0l7v1ignwIIAHAoxPJ7lj1UDcOgn1EPka9U0dCiiwOIGdKiv8bkloUNhvHJrkO0nunuSCPRtQu5jVBq+x5MbiLqJHVkABBRRQQAEFFFBAgfkJGDidn3VzpGsmISOvGTRYolHUsg2WYze18H7cp+bdsp2P8x1f4BxVn7cJxNy7apuSYcqgQRQBm7+MfwhfqYACEwjw/ffAKq9yzg32c2ySw5LcvM/7+SlJyDBlST5BVYcCCiiggAIKKKCAAgoosBYCBk7nf5npNkzH4mZcegmbafCLN5lHzeAXahoBOdZT4MkV/Cez9IDqyv2rJNS9ZRCwoXGMQwEF5itATdKXJrn1Jof9cJIvJ7lfksv0bPebJAcmefUS/pyar7RHU0ABBRRQQAEFFFBAgZUUMHA6/8tK3bir1GG/moRO5Ms2yF7iF+1mPLR+sV6283C+kwucJ8n3akkvnbVZos/98dzaNVlsV578MO5BAQVGELhpkn9LcssNXsODry8lOXMS6p1eqGe7E5M8rx54/G6E47qpAgoooIACCiiggAIKKLBSAgZO53s5abBxXP2yypFflmSf+U5hKkcju5QO6s24RRKaRTnWT+DRSfat06a26e2SECzlXv9Dkvsneef6sXjGCixEYLcklH+hoVO/QYkVAqYX3uCBBpnirIpgST7L8x0KKKCAAgoooIACCiigwFoLGDid7+W/c5JDWoe8fZL3z3cKUzkaSz8f1doTDURY0ulYL4GzJaGjNkHS3ya5WS0JfnYxHJ3kOklOXS8Wz1aBuQqcK8leSWj4tFHAlAmxSuACSS7XZ3ZfT7JfkjfOdeYeTAEFFFBAAQUUUEABBRTouICB0/leIDqL0328GVdP8o35TmEqR/t+ksvWnviYOnqO9ROgdulrk5yR5K1J9k5CozACOWSr8aDATOT1uy884/kIXLLqklIqpXepfTODP1YzwiskuUifaX2xAqZvn8+UPYoCCiiggAIKKKCAAgoosFwCBk7ne72+mWS7OiTBJrqR/3W+U5j4aNeupZ7sqKmD98KJ9+oOlk3g7El+WNmmP09ynyS3aWUiH5nkmkn+vmwn5nwV6LgAQVAyTB+UZKsN5sqDCx5qXWODr/NA46Ak7+j4uTo9BRRQQAEFFFBAAQUUUGChAgZO58tPoJFmOgwCpix1XrZBd3TqVjZj5yRkLTnWS+DB1RCMBwCUn6B8w+eTnKWCpbsmOXS9SDxbBWYqQFPB51Qd4Y0O9N0k564apv22+VASSmkcPtOZunMFFFBAAQUUUEABBRRQYEUEDJzO70KyfJmu4435UZtkA81vVqMdiVqW1LQk4PuXJM9PQvkBx3oJkCnNfUCDmROS0CzsuUkoPUGG6ZtqCfF6qXi2CsxG4LpJnpKEhxEbDRo+nT/JFXs24PuRnzXHJPlEkoNnM0X3qoACCiiggAIKKKCAAgqspoCB0/ld15vWL67NEal1+sz5HX4qR3pWdWxmZ7+spaIfmMqe3ckyCTyyOm//Lckrq/nT4+sEvpPkxklYvu9QQIHxBe6aZM8kt9hgF79Kwvfb1knIRm0G35cfTbJvks+Mf3hfqYACCiiggAIKKKCAAgooYOB0fvfAPkle0jrcHZO8d36Hn/hIZMySZcgv6WQxHZZktyR/mHjP7mCZBFgG/O0kF0vy6wqc8hCA95LfJqFh1DLd18tk71zXQ4BawTyk2qg+6c+S/CIJtU75fmwG2d8HVAkNH1ysx73iWSqggAIKKKCAAgoooMCMBQyczhi4tfu3JLlH6990RD5+foef+Ej/luTFrb08IckLJt6rO+gncM4k16p6oRdMsk39oZ4oJRK+XEvkqZNLE5ivtXZy8WrYtEV97rPV9X5a0gRJKc9AVtvrktw6ySUqmM49TpMoG0JNS9v9rJMADyPI4N9+g5Mme5RyKQRMm8H32heSfLCaPf1mncA8VwUUUEABBRRQQAEFFFBg1gIGTmct/H/7PzrJ1eqff6wmUQSflmGQZUo2U3O/fKU6qPtL+uCrd6kkd0py+STnS3KlCn7SlX7b+vj0qhvL39wTTQOxwXv/vy1Oq32RGdw7fpeELtrUIf3mKDvt2fYCSX5QWW5kvJF5epPa5ht1nnTydiigwHACvCc8ojK1eejRO1iKT1kUvnbZ1hf5HPVK39nz4GS4o7qVAgoooIACCiiggAIKKKDAUAIGTodimngjOo0TLKWpEoOMwetMvNf57YASA5QaaAb18241v8Mv1ZEIiBIovWUFlwmMdGlQbuE1ldl27IgTYxnwXpXB+rkkN6jXn1hlGz4/4v66sDmNrvaopc/W6+3CFVmPOXDfUcOUesHX7DnlU5N8qh6i7FBZps0mPJjYr7K92c6hgAIKKKCAAgoooIACCigwQwEDpzPEbe36ypWd13zq1UkeOp9DT3wUfqk/omcvO/b53MQHWuId7JTkIRUIOXMrQN71UyJjePcknxxiotdO8sVWLdOtkhAkJkOWeoz8WcZBp/KP1MTJzCUz/LjKzP16EoLBlERwKDANAUpo3DnJfZPcqGeH1Ax+R32PEVS9UOvrNILie+yNSf40jYm4DwUUUEABBRRQQAEFFFBAgcECBk4HG01ji3Zwhv1RL7TdKGoax5jFPvgln8BR06Tk90nonk5ty3UeV0xyh8oopfxCv+XxG/n8uTKO+foxSQhe8n1IXVO+dng13KJ24Vc3CZIQuCQbjcHS/l1q2yOTEABsBoHvm9WfM20wqYcledUmF5T5UUeRLGkCpdwHLNtnkKVJo7NlKTvRe5o3HiJwTFkCsnMJMPMQ4RNTrhu7zt9L63TufJ/w3n/dnpN+XwXvCaTevedrBEx5z33TOkF5rgoooIACCiiggAIKKKBAVwQMnM7nStBp/LWtQ7GU+z3zOfRER9k7yctqDwTyPlYZiidPtNflfPFlakn3VStoOsxZEGCkORNu36rg46IaJ5G9dr9aas+59A7uz8dUs6ner92lainy+ZNaNVi/l+SmlaE5jEdXt6HuLEHh7aoxD8HmQcFwupZ/NwmBauq7EuQmEO5QoFeA8hb8DGgedPB1ltmTXbpvZaDScK09/lA1iXmgwfecQwEFFFBAAQUUUEABBRRQYAECBk7ng/7YJC9sHYplzzRY6vK4ZGXZkQnJYHno7ZL8Z5cnPYO50d1+zyT3ry73mx2CjvfU/iQzkSwyGrucMYM5TbrL6yd5eSuTuNkfgT+yo49vHYDMVv593iQ0oGJ5PoMAMBl0nOcqDuoSE+gio5gGX2QJnnuTjucYUMf4sCRnrb/JTKUmZTsDeBWtPKf+Ajwgu0+S27a+TPYyPws+XUvv219jMwKqZPQTSKV2sEMBBRRQQAEFFFBAAQUUUGCBAgZO54NP1ibZm80g448mPV0dBEs/k4SgYTPelYTMw3UZlCkgePG4ASdMXUKCIG+ohi7LUg/zwknekuR6PTVZext/PS3JM3sMCKAetER1eqd9z/Lgg2AqtYuvngRL6v5S37bfoGbqD5McleTD1SWdDGTH6gmQqfzsKuNx2dbp/TLJA5L8Nskjktyjz6nzEOLRHf/ZsHpXzDNSQAEFFFBAAQUUUEABBTYRMHA6n9uDoBrNQBhk6p0tyenzOfRYR6H+6j6tV7Ismfp7LE1eh7FNkv2T3KrPyZJBStbtuytgynL1ZR1kj740yT0rm7I5j92SfCjJBZP8oM+y9RckeWLdy8t67rOYN9mpl6hl/2T1UtbhfBsciKXY1EvlfeBrFSzjvsLbsXwCOyd5ZGWXnqOmT/bop5L8ezUYI2udJnK9g+ZkPKTpbcK3fArOWAEFFFBAAQUUUEABBRRYMQEDp/O5oGQk3rAORTMgAlJdHU+uX/Sb+ZEhRY2+ZajJOg1T6l0SwLpYz87IsnxrNVFapQAH7wF0+Sa4v2WdM3U7t6+GNCw1bg8M+NyyNoOaxj0y6j6wvHiZ/msSmotxn200eI9oMlRpykWZDALZNA9zdEeA9wiaxN27Jzuf1QQHJ/mPqhnMw4nepk+cBeVaCJge2p1TciYKKKCAAgoooIACCiiggAJtAQOn87kf6IxMcx4GjZXogt7FQUDsjdXlnfkRqHlbLTHtYq3OaRuSaUmTJJZet8c3q8YpDYBWcZB5SkCUGrbNcnOy417fuhcIlLKM/24VyFtFh3mfE3WEKdtxjSQXTUJTKpb+n3+DidBsjIxUln1zL3JfUj/1aOthzvXSXb6CpQRML906MvWNqU/KQyZWFjwqyRP6ZGx/vb7G9g4FFFBAAQUUUEABBRRQQIEOCxg4nc/FObayzDgaHbgJjnRt0ADplUmaZab84k83eIIDZJ2u+tgvyYN7GkBhQCD1+Ul+vOIAT6najM1pEuCnGVIzaBxFgG9Zargu++WiMRWZqQTpCK5SAuAKFWDd6NyaZlQEV1km/uVq7HXCsmN0ZP7bJXlzErKGm8HDJd4nX1GlO/j8Q5M8tc8DGBpDUeLiTR05H6ehgAIKKKCAAgoooIACCigwQMDA6XxuEYJuNJNhvD/J7edz2KGP8twkj09ypnoF3eFZZkptvi43sRr6BAds2K8BEh3SWUZLY691WJZOQzAyGsk+7R1kNtJVnrqcjskEeM+9QRKym2kGNE7WIQ29tq5ANtnRBFjJYiew3TtOSfLTylT9dhKamX0pCYHwkyY7lbV4NTVq75rk4UkInDYD00OS8N7RfF/gT9O0dmCV7dmW9xK+5lBAAQUUUEABBRRQQAEFFFgiAQOn87lYBKTOW4fqWnd6Gpq8vIfh+0l2SUKG1KoPOmCTbdkeZNiSNfbOVT/5nvMjsEan+Pb4WX2OAJxjPAFqyPKwhOzEa1XTqGZPNFw7sB6ofGe83f/Dq1juTw1ljkNQdackF0hCWYB+g8AtcyBLlQxVmp0R6Fv3QbMnajv31vilXAUB0HbN2X+pJfoEw9uD930yUXn4cuK6g3r+CiiggAIKKKCAAgoooMAyChg4nf1VI4uznbFI3cgCOQgJAAAgAElEQVQHzv6wQx3hGZUJ1d748Oomvw7L81+c5N96pKjlStCJTufrNlhyfIvWSbMs/7K13HvdLEY9X0pckElKtuFVKtjM0vp2uYNB++R+fOygjSb4Ovc1QT6CqwTIubZ83B40otoiyWerTudh1aiKwB9ZqjxUWdVB1vU9kjymT/MuMvBZYk/juGZsU5moj+4D8u6qY2oQelXvFs9LAQUUUEABBRRQQAEF1kLAwOnsLzOBk/aSWDKQ9p79YQceoV/QlCX6BH7+a+Crl38DMgDf23MaBIt3rcY7y3+Gw58B9TM/0GeJMXsg2LaqTbGGF/rnLemmztLtW1YZg2H2RZM4vrcofUD9XLIZm0x0Xk9WL0vu+do8B/VUz5Vkx6q/TLd4PiaAutGgIdVvKpjKg6FPVWMxspbJWl2mQWMu3pMf0NOY6+eVDUxG8E9aJ8Ty/cdV46fe8/xKBb/HKcGwTGbOVQEFFFBAAQUUUEABBRRYCwEDp7O/zBdKQsCkGS+qX7pnf+SNj9CvpufxSW5Y2WWLnNs8jk12IOfLEuZmsFSZjvHrlmlK86/nVPOhfvYHVNOseVyXrh6DLMTrJ9m26omStTnMIIjGffaRJGRyk7HZHtS95AFGM6gnTCOoLg3OmcD6tZNsmYQgKz83+HurTSZ6XDVUI+Oe7FWylwmwfqGazRF4XfS4UgU/9+iZyGeS0CzuPX0mePMkb+jTpItr97xasr/o8/L4CiiggAIKKKCAAgoooIACUxIwcDolyE12c/6ervTUE33U7A/b9whnS/KCPscnI5aapt9Y0Lzmfdi79NQvpfYky6wJbq3LIBP64CS363PCBLjOXJ8nAMaS7tPXBIYMUJovcT/cqM9S9o0YqAdM0P2IJF+szNJBy7Rp6nRsa4dkoxKoXKZB7VSCvTQVI7jKzxT8uH/IzLz6JidDWQC+5/ibc+de4z4j0Er29yxqLJNF+7CqX3q5nrm9Mckr6xr2TvvuSfZNcpGeL/DeyeeplexQQAEFFFBAAQUUUEABBRRYMQEDp7O/oNTNIzDQjDf3aTgy+1n8z1Lcl9Ry1Pbx+MX/Tkk+OY9JdOQY709y25oLy6IfnOS1HZnbPKZBbUaW5re7hNMEiiXaBE35uN1MiEAYmYKrOq6T5KZJ7lkZpcOcJ9mjBPveXgHTHw/zop5tyOQkWNgeT6rMxTF21+mX3LgCqwQeycInW/XiSchIbd+H7ZP4Y5UtOLWsCaby8IfgKg2tflf3K/vg/jxLErYl07d3bJ/kEVW/meM348j6Xti/Sg/0vu5qlX3Kg6XeuVH3lKzh9oqCTl8EJ6eAAgoooIACCiiggAIKKDCagIHT0bzG2Zpf9MlobKypq3nHcXY0wWvIrCKTimWm7UHQ8Da1lHiC3S/VS7dO8ssKsjDxHyahiU+7gddSndCIkyUz7imt15yW5KlJXlifIwD1pWqQ02xGlvITRjxO1zcnO5Il+LtXF/rN5ksmNqUcqONJRind56c1CL6yZLwZ1Dm9YBKuyzIMgu0E1vmbQYCRbGZqtZJt2mQuDzoXHi4R+OQPgdD24P3z5OpMz/fqKIM6pQRpe5t0UWeW7H8eHHE83hPIdG0PgqIPqYZa7c+zhJ9VA5RhcCiggAIKKKCAAgoooIACCqywgIHT+Vxcmi6dtQ5FphRLdOc1aPb04T41+Qia0kH9E/OaSEeOQ7DsLTUXDAgINkHDjkxxJtO4dAXPb9Xa+8eS0BH8HUmuWtl6BIRYPk439WawZJoGOss8KElA0I06vgT6Nut2z/m+NcnnK5hGZuOsBnPhe5C6u83gGn10VgccsF/KMuyVhEx5Mju57ixv5/2L7xcewlCvlBIkF17AHL+f5PJ1XK4hmaTNuGY1uWLuZJRfqs5jWtPk4QrZrNRA5eMzasd8TKYrDxyakhZ8jo8JBPP+z89agsPL1jhrWnbuRwEFFFBAAQUUUEABBRRYSgEDp/O5bAQa+AWawfLTzZqqTHNGd61gWbsJEvtneTBNgXozrKZ57K7ui+W1LMluBtm/ZAGv8rhXkue3sgLJ3ntkkjdVozIyShncD2QlU+eTDLxmECAicNYEirpuRaCPbvcEgwkCDhP0JRh2aAUs59m4iIz03/d0sCfT8VkzRKZEAJm2BB4JqNPoqZ31OotDc+98q5bXs3/Om6zf3uzSYY595Z7asM1rCJS+NMkdenby7iSvbpUj2bEaXbEZ9VmbshRkyHLftIPYw8xnlG0oN8DPXQKtzXEagyY4zdf5eYEZ93J7YMg+yOTlD69tfo5/ulybLF+O8bn6eUPQm2AuGc7fHmXCbquAAgoooIACCiiggAIKrLOAgdP5XH2W3zbB0nl0zqbr99squ673GlObkUYnLFVdx9HO/iWYQKdwAgyrOGjOwzL8fVonR3DwoVWigEARjYwIzvwhyZ0reMjmLGFuZ2VepcMBF7IgCQ5Tq5RzGqbrPUvvqXX7wcogXNT1JzOSebQHpQAIYPO+MY2BC9eWTNZZBUiZK1nKZGTy3sL9wz1FEJoHR5sNAqHUPqWeKA21CA6S9czy/++0gpzso8l2Zd/NeEzVjSZQ3gzqjlK3mIDpZk2mCDKSZf3ADVYCsNS/WZrfLudBE692rdTe86MkCA2zNiotwPw3eoBGNi8PL8hQJauXsgcbDYLPkwZ6KUHB+yCBWrJkyYDGhfNtzpnPH1XlEprPE+htSkowV7KBHQoooIACCiiggAIKKKDASgkYOJ3P5WxnFxEUIZAxi0EDqPtV7b7e/RMkpJENjZDIOFzXQXCgue+5Lr0ZXaviQnCcGo7Uy2wGjYde1FpOTMCEzvHcG3QU37O17fuSsLy9GbPOghzFnYAUJRdo6HTrAYGlZr8Ee1hKzfcfGcYEjLswKBXxvE0mwv3azsrkWn216iYTvCNzk2AigUZqbl6/7mleQ0ANq1mNr1VTpo9XOZBpH4cM0t6mW9zTBDoJ6j8+Cfd0e5B1yb188BCT4d7fLwkPBXoHD1g4L65NV+6VIU7pfze5bt0bzSd4iMJDhWZwf1Amov1/AN4r+lkMe9zf1IasquB9lXuVYGrTPIt7levJw0Myavl60+SLjwnWkvntUEABBRRQQAEFFFBAAQU6I2DgdPaXgsAFzU2acXiSnWZwWGr9sUy1t/szhzqxalm+YQbHXaZdksXFsuhm0PSnHUxYpnPZaK4sSz+o6teyDQEJapk+OQkdxJvx8Aoa8W+W/tLhvH2fUvt039b2BNsJZHEvLWKQKckSbIKldGgfNAg4ErT5SJKvJ3lXRzOL96hA36Dz6cLX+d4hQ5eayZjOOsOQUiPU320GWZoETe/T8z7H56lJS8CU4PigQTYo29IYr9/gHidT+4AhsmUHHWsVvr5RViuZsU25h/Z58l5BrVwC+82gtvAwg/cirg+DACwPOnjf5n2syYwl6MtDArKRqWdLhjPv5Q4FFFBAAQUUUEABBRRQYOoCBk6nTvpPOyTLhszGJmuMjKhhAj/DzoxrSJf0p7XqqLZfyxJKgk3DBBSGPeaybkc2FcuAm0Ew7S7LejI982bZLEvyCfg0S4BZRvvv1fyKDLpmsCyaoBdZYSxFfkQtR27vkuAFy9nby4SfXffZvMjImqNGKedzpyEOSrCUmo58j3FtKUvR9UGWOAFtAk1dGjQxIkBKcIqamIuoh0z5hTdvgkK9Th4GkTXaDvpv5khWNd8TfA/0Du4fGsf9W5ITunQxVmwu2yVp6m5z/9PUqxkESZuHWXxMc8NRBhms/Mwlq5X7g2xs3hMoNdBbEmOU/bqtAgoooIACCiiggAIKrKmAgdPZX3iWH/JLfdMcikyt9i+Kk8zgWpUVtdEvl9QZZCnzFyY5yAq9lkZQNIppxouTPHYFzo+sRZoJNU1uCBa8sz5HIKF3vCzJ3vVJliHfoLV8v70tDaVYDt0Mgq8EW9u1HqfJR3Y29Vdp3nXFIZqoNUuByUQjq5bajGSpLdsgiPTEJGQBE/SZ1yCwTP1PMvZ+Ull71CT93bwmMOA4BMsJgPcOsl65N0dZQk+2NM3QuNf7DUod8ADhPzty7k7jnwUoLcDPUX6msmqD7xXeM/g5yINJfq4SiB00qMNLpupHa388HOAP75XtpniD9uPXFVBAAQUUUEABBRRQYA0EDJzO5yK3m0ORybVRw5BhZ8PSSbJMCYpuNMgopM7lEcPudA22Izj13NZ5kn22zOULqGf7jFbAlFOj/uXjNqkVSACJbCy+9wmE3myTbEKCqwRZ24PtpxFcInBBdiwd3skwo7s5DWoGDZZRs3yXhwGHVMBj0GuW5etkP//HjIKnLGWm8dInq4ETD3C62hSNwPm9W+Um2tePOs28r40yCMBSG5VmU72DpeHUMd2/1eholH27bfcEKFfCz1gCqwRYCbTyb7KMaSRHWZJ+g+8H3pfIrib7mCAq2daUguB9lfee9oqF7p25M1JAAQUUUEABBRRQQIGpCxg4nTpp3x3SEIOAFYNfvmjUMc6gazRdonce8GIyxghwERxx/J8AXbbpnt0MloIvYwkDGiMRBGbJazNYlkpQmJqQm3Uxp+bnrvWi19VS+I3uEbrT/6wCD802LHul1ARLX0cZ21TJiLtVA6NRMivJnCZTmMzSD0yx2/wo85/XtixPJthDzWK6zVNHksAPAR3+vVkndzJwuQ8I+PDghNfyHsDy8+PmdQJjHofzIuPz9j33NefU/jnFsvxHDnmMS1ft037N+AiMURf1YWveLG9IypXbrAmu8n1FxiqlSfj52nx+sxP+YTVj42HEryvgzs8R3iv5t0MBBRRQQAEFFFBAAQVWSMDA6XwuJkuIqTPaDBpqkIU67CDQSkCMYOigQWCW4MNhgzZcw68TKHxA67z5hZlMomUY/GJP0Jcs03bGMkFFMkzJnN0sYMo5ErQkY4/BEu0dqsbpZuf/miQP6tng0GrQs1mQgGAfpREoI7BZZvRGx6YREV3NX1nB7VEDtctwTSeZI2UZyNIla5jl9ctYooDz5964XZLdW8usyep7by29vlUPEg2jyDQeNGj8RBZp88CqvT3B5cdU47BB+/Hr6ylAdirlQqjxfI0k1JDm5wX30+U3ICFjle9Hyl5QO5pGkLw/E1Rdxgd063nlPWsFFFBAAQUUUEABBXoEDJzO55YgS4r6hc2gFtsw2aAEnx6S5CX1i9ug2bIMl8AaHYcd/yzAktwntD5N0IYMzC4Psj4JLL2guks3c+WXc5bpUwOSpaSDBjUAWaLf1EHltc8c9KKqCUmzpd73CjL2qBFIliu1Jskg3aU63zfZku3GUkMc6r83IVuSuqpkSc6qluqwc3G72QncNsmTKruWo1AHmu/Fg6opFQ+Lemutsg2f36wR1NWqGdot+kyd4PtzqvYv969DgUkEyGQmq5sHUBdOQg1W/k3W6kaDMic8cOLhwMmVIU5tVcpoOBRQQAEFFFBAAQUUUKCDAgZO53NRWFpKjb1mEDSgwclmg8xIglv96vL1vo7sQYJNm3Wgns+ZdvsoZD++sTXFRyd5aUenTO1PluRzH1CXrxlca5bp0/xplBqV923Vc6VuH3VFh83iJPNzmGzncSkJYlG3lKAZNT5PG3dHvq7TAtsmeVpl7lG6gcF1p/wCjZvI0msGGahv6zkblkL31qfkZxgNn8iyJyOw37L8ZjdkQJPJ6lBg1gLUISdrlfdZMlZ5P+fvzQaZ0DwsJTuV4CoNq06o749Zz9f9K6CAAgoooIACCiigwAYCBk7nc2vcPAnLm5tB1iMZhP0GwQUCSNQ53GxQ+48GOa9K8v4kf5rPqSz1UQis0FG5GQTpaELTpcGSfJbGkxnXHpQUYL6vH+Nak2V6ZGVDkeW0V5V+GPa8yXolwEXNyGkNlrSylJU6k2SuUgfYsZoCu1XGPe+DDLKK+T4kE58s+X6D+r3f7PMFajzzvsdDA5bx36s6q28mx3sjD6FetJq8ntUSCfAziJ/xvJfyQIw/g37Wc3qU9mFlwdcqmMr3Bln51lRdoovvVBVQQAEFFFBAAQWWU8DA6XyuG8v4yBRsxvMra7D5N8uoWY5NEI/l44Ma57BU9YWVxdq7nHU+Z7ScRyGbh4AL9eoYZPNs1mxnnmdJRhJLl8kMPUcdmOAi9XGpzUpwfNzxsepQTrD9Q1VPctRAO9lTNIa67LiTqNexrJ+u1SxZpdkTc3KsnsAFqg4uJUqa7FKC96/oyfre7MzJRCXoOsnge4iM/wMm2YmvVWDGAqwsoXbqv1ZWNeV8eHjA99GgQVCVQOpRVe+Y92myVx0KKKCAAgoooIACCigwBQEDp1NAHGIXOBOwO3tt+5lq1EMX36vUMvvN6qLxMpYv082XzEOWareXtQ4xBTcpAZanE0BlkH05Th3OaWLS4Z4lxNSmbebF0nXuEbLrqGE6yaAcwb61A7KV7p7ke2PukGXS/EK+1QivJ/BLZilBUs7J2pIj4C3hpjeue5lM0GbQ2I57edSGdQTrv59kiwkcCNzSYMyhwLIKsMSfRlVXqoZwfEzm6maDYCqlLXjP5fuOFQNm9S/rHeC8FVBAAQUUUEABBRYqYOB0fvwss9uyDkfAjo+bQNlGs6AB0MG1dN9feia/VgSu+YWyyTglS4dmMosYN6pGVc3yZeZAdhyZpWQTHzGFSV25mpCRwUqWMgH3l024XzKgyAKkdh9LTPmlvnkgwK5p6ERGKUuwX1tZvRMe0pd3XIDA5gOTPKpVzoGstwOrJMRmzZwGndrDkuw/aKM+X6fZDo31yLB2KLCKAgRPeYi1c5Ir1GqAzWr8/r4evPKzhVIZP0hyzCrCeE4KKKCAAgoooIACCkxTwMDpNDU33xfBpOvXJixP3sj+V7UkmuXZZOu5lHl614isXrJwmkETjutOb/cD90Sg/P61HL/9Cy7BRpYlP32Duo4Dd9xnAzJpj05yqbqH3lC1TWfRqZ5SFJQ8oFO0GaXjXK3lfA1ZpdTjpZs447iqw0uNZoIy0xhnqeArWdmDBsd/TwVLN6qdOmgffl2BZRe4YZXH4GcbNVR5yHW+DU7qj1VjmhIqNKP6yLKfvPNXQAEFFFBAAQUUUGDaAgZOpy268f7IyCIDr9+gWQoNcliWzS8wJ85vWmt1JH55bNeEnVfglCxNapc+oJZcNuhk4hEgJ9BEkHOaQXK6lN+nDsT9tWMSsvAcCkwicK5aik92aVO7lMZ3NKp59xiNy4aZC8d8TWXUbd/KGG9ey/sm5SjIopvm99Awc3MbBZZBgNrU1E/lDwFVygRdsM/E+b8H30N8T/PwgweNhyT5zTKcpHNUQAEFFFBAAQUUUGAWAgZOZ6Haf5/8wkJzlGZ8sDrk0iGa+o9m6s3+WhCAoUxCM45NwnL2WQ0yMfdJ8tCeuqBk+dBR/I2V5TPt49NgjPuL72+W/++VhECqQ4FxBajFTIMllgUzqJtI7VKCpfPu7H2TynKlzvP7LAcx7iX1dWsuwIPEO1TdVIKprE64zCYmBFP52UWddWpdkw1OSY55f/+v+WXz9BVQQAEFFFBAAQXmLWDgdH7i/JLx2yTnrkPyC8cu8zu8R6qasjTpamqcnpTkvDOQYRn+g5Pco365bA5B5ueLkrBsnnpzsxjUbKUJFPcbmUMEt5iHmXiz0F79fbIUn+xSGtPwvfP6JM9L8ovVP3XPUIG1E9i2lvdfO8ltKst7UHM2gqk8FCY7lQaWlBt6qw801u7e8YQVUEABBRRQQIGVFTBwOt9L+94kt28dkuVy1IV0zE+AhlDbtQ53iSktYb98krsm2SMJHzeDmqJk6rw5yTvnkFlMNtAOdXAC9SzR/9H8eD3SCghcrBqUEXBnUEqCGrw0LnMooMB6CbBa5qZJLtJa7n/+IQgonXFCku8m+UY1PLQZ1RBwbqKAAgoooIACCijQLQEDp/O9HjQ4eUUSAhMMOj7TodwxP4G3J7lb63Asax+3IcbWVe9xzz5L/qmlenAFnQjWzmNQL5U6qs2g7uNj5nFgj7H0AnTovm1lmVGT95S6fwmWfnvpz84TUECBaQqQkcrqhksm4eOdesrRbHSs79WDSt5TKFFEMzeHAgoooIACCiiggAKdFjBwOt/LQ41NluiT8UiHdcbtKptrvjNZ36M9MclzW6f/lCTPGZGDDvLUhnthq/QCu/hTko9XZ3GaffHveY29k7ysDkZdUwLENKRyif68rsDyHYeO249IcpfKJqNm6IcrmPGx5TsdZ6yAAgsUuGIFUWkax2oaHhQPM/iZyf+LWOpPlqoPaoZRcxsFFFBAAQUUUECBuQkYOJ0b9f8eaNckLNk/e33muMpWnGeQbf5n3Z0j3jIJQc1m0DSJAOMwg0zheyW5f89yfJYj/kfVL11E7UeC79xTzfczSyOvmeQPw5yU26yVwNmqWRm1dqmDS2Y0JSTeluSzayXhySqgwKwFaEDFzyeCqtR0pwnVMIM63TSeo3bq5/1ZNgyZ2yiggAIKKKCAAgrMSsDA6axkN94vy2BpDsQS8cb/LRWQm/9s1u+Il+6p+ckvZtsPYKCeG8veewOsx9fnqQHJ0uZFjKtXIJj6c4wfJ7lR/b2I+XjMbgo8pOorXy/J6Ulem+SDleF1Wjen7KwUUGAFBVjaf/Mk109ywST8DNts0EjxO0m+XOWNqN191Aq6eEoKKKCAAgoooIACHRUwcLqYC3OTahjULNdnFixrI2vQMVsBMu7oDn6m1mG23GBZPbVQn1ANMdqzonPwM5K8b4EBU+ZDFg/Br6YZFedFRo+/VM72HlqWvV8jCQFTavDyXsMyWMpUfCbJyctyEs5TAQVWWuA8FUi9ThJqLe88xNkeWw9AqZFKpjyrLBwKKKCAAgoooIACCsxEwMDpTFgH7pQgxk+TXLi1JXUp+aXh6IGvdoNJBchYaXcFvncttWe/LC0k0MRy/Cu3DkStUDJe9quatH+cdBITvp7MWUoOXKn2c0Y1gnrphPv15cstQBDi4UnukWTbJCcleXWSA8xCXu4L6+wVWBOBi1aNVDJTd6zVOcOc+ruSfKN+Pvv/qGHE3EYBBRRQQAEFFFBgKAEDp0MxzWQjGkTRgIW6mc0gi4IssT/P5IjutBF4QZLHtTjIwCMges8+DS3+Vtfp+Um+0JFmS1dJ8o4k/N0MGkM9uiPz806bvwDlGR5bD1+2ruzSA6t2qbVu5389PKICCkxPgAeFt01yq3q4yUPmzQY1479a9VEPreZT05uNe1JAAQUUUEABBRRYKwEDp4u93HtUvdP2dTg4CZ93zE6ALM3/GrB7MvXIYHldBaFmN5vR9nzTJG+t2nC8kkxl/v2AJAR5HesjQKOzBye5WZIt6rT/M8mTkxy+PgyeqQIKrJkAZWruWu99lKdplz3aiIKf+R+qkkhfWjMvT1cBBRRQQAEFFFBgAgEDpxPgTemlT0zynFajKHb7rCRPn9L+3c0/ClymAkv3qa7ivT7HJHljEho+0XG8S4NmGp/qmTc1Tu+U5K9dmqhzmYkAS1jvl4Tau3xMZinjB9Xs6f3VRGUmB3enCiigQAcFzpnkxpWRyvJ+VvO0a5j3mzI/299cP+dZ3u9QQAEFFFBAAQUUUGBDAQOni785qLX5yZ4GRNTTpPkQAVTH5AI0T3pokjskudQGuzslyS2qjin+XRuXrSYYBMyawS9+D0xiV/SuXa3pzYc6u7dLskMFyJs9s/z+kCRvqWB6F+/Z6Sm4JwUUUGA4gXPXeyald26Y5OwDXvaLWlnyiiTUP3cooIACCiiggAIKKPAPAgZOu3FDbFNNoc7VMx0yH8kwc4wncNWqZXqvPi9nifvZej7PcnfqQnZtcH98vrIMm7l9u4LtZpp27WpNPh+CpU+tBilkTzWDzFK6R++f5BNmGU8O7R4UUGClBVjCT/D01lUflSX+m43mgdRrLHey0veFJ6eAAgoooIACCowkYOB0JK6ZbkxzF5Zdb9k6CllkNAAaVI9zphNbsp3vmeTeSWgmwZ/2oPM8y5nflIQaZ++tZjpnqY2Ory71NJboyiDTlPuCYFozPpvkJklO78okncfEAtesmn2PTHKO1t5+WBnp3LM0J3MooIACCownwEPIm1e5EwKqm/0fmIeSpyb5epKfJflw1TvnPdmhgAIKKKCAAgoosEYCBk67dbF3TfK+nkzI7yfh8/zt+GeBHWsZ/r8muVySrfogHVv1zAg+8QtQM+5ftSHb9dBeX8vfu2C9c5J3JLlYazJknt7eJYVduDxTmcNLkzyqZ0/HJXlnNTI5bCpHcScKKKCAAm0BVvjsnoT/Q9Bo6jxD8vBA+2NJXpKEZnwOBRRQQAEFFFBAgRUXMHDavQtMtiQBvva1OboaHxBQWfdxySS7JHlskqttgvHnJK9KQiB0o4zd8yZhyftFWvshy4QmTF9ZMDQlGmhQ1R7fSUJmMjXZHMsrcLP6hf22SS7QOo39KruYzNIuZT0vr7QzV0ABBQYLUAf1jknuXrXOe8v4bLYHSirx3k1mqkMBBRRQQAEFFFBgBQUMnHbvonJNyDIjeNceJ1etriO7N+WZzogajyypI2B4g1Yn8X4HpT4ZS/HJAmEZ/klDzIymUc/sCWARaN12iNfOYhNKNdD0iUZW7UHn392SGDyfhfrs98k9/LiqS9sE6rk/uV9ZAkoGE9/jDgUUUECBxQlskeRBtdKHh7P/MuRUeNhKEJX6qA4FFFBAAQUUUECBFRIwcNrNi3mlav5y8Z7pkUX5rCTP6+a0J57VJZJsn2SnJDeu+q79lt63D/TrJC+vrrgnjDED6puyXJoAanvJ/nWSfHmM/U3yErJdWP534Z6dUI8VD66/Y7kE9qjv13ZW80fqfqUsh0MBBRRQoJsC/B+Zuqi3SXKnWu0yaKY/SvLcJG915cAgKr+ugAIKKKCAAgosh4CB0+5eJ+p1koVGc6DeQc3OJyd5T3env+nMLpPk/El2qM7hNDj/bKgAAAzlSURBVMYhWDrMYAkzdT5pkPSuJCxfn3QQsKWGbHt5HsHY3tqTkx5no9dTMoDr+Zg+G+yb5ElJ/jKrg7vfmQiQHUxAvvn+PaV+kSYw/t2ZHNGdKqCAAgrMUuDc1VjqvkmuO+BArCCgVvXbq8HfLOflvhVQQAEFFFBAAQVmKGDgdIa4U9j1nes/3htdp58nIcuSIOJTh1yaPoVpDb2LCyahnuNFqwEDy98JJJ1z6D0kNGKgxuuhST5eQdNZBBG/V82lmqkRoL36jJtykeFKRuLrkpy5x4Rl3M9J8uL8j4FjOQR4IMByTQKnDOrRcg1Zvmnd0uW4hs5SAQUU2EyAlSo3rYedNxmCiiDqvaqG9RCbu4kCCiiggAIKKKBAlwQMnHbpavSfy8uq3tY5Bkz1xCQs/T2ilvnPK6uNWqxXTUJdMDrbN9mkVxyT9rQkh1ed1y8m+VaS48fc1ygve0SSV/S8gIAtn//cKDsaYlu6996ylvPh1Tu4lrcvgyF25yYdEdg1ydta3ZmfUfVzOzI9p6GAAgooMGUBVgexYuQePatWeg9D48mnJHnhlI/v7hRQQAEFFFBAAQVmLGDgdMbAU9o9QUiCMHftqcM5aPd0jP9aNRQiCEjmItf8mOomv9HrWY7WBD7JECW4R+D2ykkunYSl5SxvpxPtuOPU6lx/Rv3N/Gjq9Ntxdzjh6zgnMncJArfH75Lcpxr4THKIy9fSPrJOyFTpN2hu9YlqIkTpAMdyCFyqyinsVdPle45MYr7PHAoooIACqy/A/4n4GcD/Fy65yeny/wxW4sxi5czqK3uGCiiggAIKKKDAAgQMnC4AfYJDEnB7QpJhloZNcJipv5T6jnQPpyM8QSWW3f9x6keZfIfYPjsJy/Dag0yRp1cTqlGWW7P8ngAaWatk4240+AWKRlQPqwzbyc/EPcxLYJ/KHG4yws0ynZe8x1FAAQW6J0AJnuvVqpH7J+FBdO/g/0H8P46SPA4FFFBAAQUUUECBjgsYOO34BdpgenToZlnYAyrzc8sOnQZBwG8kObL+sNSeoCDBx66Pf0lyYJJbbzDRn1ZDqi/U381m+BPUpiYqy/bIyr3WkBm5NLpimR9/k33rWA6BXZI8sUouMGPuCb4fadzmUEABBRRQ4KxJblEPvGkm1f4/9z2rYaBKCiiggAIKKKCAAh0XMHDa8Qs0xPS4hjeq/5gTvJvnNf1Jkh9VAyW625NF8fUlz6IgCEojH5bUz2qQZfKh+nNIkr/N6kDud+oClKt4bmUTsXMatD0ryQFTP5I7VEABBRRYBQEaYrKi5d5JtqkTemWSh6/CyXkOCiiggAIKKKDAqgvMM8i26pZdOD+62G9fHeypUXrtJGRRnmvEybG0/mdVB/Wb9VpqfZJJ+vvqcj/iLpdqc74v+CWHANk0x/eSvDTJ65KcPs0du6+ZC9w3yYOT7NQ6Es3ECJouqi7vzE/aAyiggAIKTE3gGkk+luRCSSj7c/H6P9XUDuCOFFBAAQUUUEABBaYvYOB0+qZd3SMZDzskoe4mgwArtbeoNXpENY76pUuN//fy4XS3JG/qU/N0lGuM73uS7J/k8FFe6LadEeDBAw8Mmu+d7yZ5SJJPdWaGTkQBBRRQoMsC1DTloWmTccpcH5vkxV2etHNTQAEFFFBAAQUUmO+ybr0VWEYBGj2QZbhrkt0GNHni/E6uQPR/JjksyVdcir+Ml/2f5kzw+w49nz0oyYPMHl6J6+tJKKCAAqMK8DBtx3q4Sh33XyU5T/377PUxK4F2r/9D9O6fh7PvHPWgbq+AAgoooIACCigwXwEzTufr7dGWX4DSBzR5oBFUM05L8tUkZCIet/yn6BlsIMAvyTT6eGqVwWAzsrT/XnV9aYx2fP3SzMdXTXJqkq2TUOriHBVk5R7iNTQOYZAN3m/8uJZzsl2T7UoN4ROr2RrlHvhlnfuPjzkmg3+zFHSrVtCeZmVnS/LnJDwMYH/M4RdJKMfBtvyhQRmfb17LawgAsO8t6tx4/VlqP3zMz5H2Pnl9sx9ex9z4N3Nt6vmyTBUbTMjKbuaO06FJzluf4zXsj9exD/7wMftszoG5NKNxbX62MS/+8Hm2a+ba/jznx+fZL9acM8fhY17Xfk2zX/5uf8zxeU0zL/5u5tzsu/kc23IdmD/bcD15wOJQQIH5C1y+fp4372n8zXsTpY54b+B7lYac1Lfm/YjSLDcesvlj79lQBolmmTTPpM755+Z/uh5RAQUUUEABBRRQYFQBA6ejirm9AgqsuwBBt6ckeXoF5dbdYxHn3wQ0F3HsWRyT4CnB4t5BAKeph0xglmArgXF+djcBZV7zhwp283E72MvHTaCb/fA6AsMEbJvPs18+ZmwUxJ/FOY+zT4LsTSCaORNwJ8BNcIvP48PHDD7fBLObQH4TRCcz8MJlhVFjxuvxIUDW7KM5HkE0Ps/XsWwH2HkAMK/B+TXHw4M549CcO/Pi3wQAmS9z5bzx4N5pHl40///7TRKyIhuHxojzZWBHOZ/GuHHleM3HHJP9cczmnmseTjT3VrNf9se9foURwTjX5l5tHko03w/suzkv5kmTx/ZDFObJ/Jq/2//3ncZ7yQ/qIVdT75pAK4Pj0ECQuX0mydurmeaIp+7mCiiggAIKKKCAAosUMHC6SH2PrYACyypA9uWjKvPockkutawn0rF5Exwhe3vQIHDUBMgGbdv1r5N929SZHneu1OA937gvXsPX0fzwYmt43v1OmcDeRVfIgqzOURti9p4+DzKO6mNCg0yy4h0KKKCAAgoooIACayRg4HSNLranqoACMxUgmMqS+PYgA4tmICe0srNYwr/RoIEb2VLjDjKfflovJuvsS5V5tVmgiGWjJ417QF+ngAIKKKCAAgoooIACCiigwKoKGDhd1SvreSmggAIKKKCAAgoooIACCiiggAIKKKDA2AIGTsem84UKKKCAAgoooIACCiiggAIKKKCAAgoosKoCBk5X9cp6XgoooIACCiiggAIKKKCAAgoooIACCigwtoCB07HpfKECCiiggAIKKKCAAgoooIACCiiggAIKrKqAgdNVvbKelwIKKKCAAgoooIACCiiggAIKKKCAAgqMLWDgdGw6X6iAAgoooIACCiiggAIKKKCAAgoooIACqypg4HRVr6znpYACCiiggAIKKKCAAgoooIACCiiggAJjCxg4HZvOFyqggAIKKKCAAgoooIACCiiggAIKKKDAqgoYOF3VK+t5KaCAAgoooIACCiiggAIKKKCAAgoooMDYAgZOx6bzhQoooIACCiiggAIKKKCAAgoooIACCiiwqgIGTlf1ynpeCiiggAIKKKCAAgoooIACCiiggAIKKDC2gIHTsel8oQIKKKCAAgoooIACCiiggAIKKKCAAgqsqoCB01W9sp6XAgoooIACCiiggAIKKKCAAgoooIACCowtYOB0bDpfqIACCiiggAIKKKCAAgoooIACCiiggAKrKmDgdFWvrOelgAIKKKCAAgoooIACCiiggAIKKKCAAmMLGDgdm84XKqCAAgoooIACCiiggAIKKKCAAgoooMCqChg4XdUr63kpoIACCiiggAIKKKCAAgoooIACCiigwNgCBk7HpvOFCiiggAIKKKCAAgoooIACCiiggAIKKLCqAgZOV/XKel4KKKCAAgoooIACCiiggAIKKKCAAgooMLaAgdOx6XyhAgoooIACCiiggAIKKKCAAgoooIACCqyqgIHTVb2ynpcCCiiggAIKKKCAAgoooIACCiiggAIKjC1g4HRsOl+ogAIKKKCAAgoooIACCiiggAIKKKCAAqsqYOB0Va+s56WAAgoooIACCiiggAIKKKCAAgoooIACYwsYOB2bzhcqoIACCiiggAIKKKCAAgoooIACCiigwKoKGDhd1SvreSmggAIKKKCAAgoooIACCiiggAIKKKDA2AIGTsem84UKKKCAAgoooIACCiiggAIKKKCAAgoosKoCBk5X9cp6XgoooIACCiiggAIKKKCAAgoooIACCigwtoCB07HpfKECCiiggAIKKKCAAgoooIACCiiggAIKrKqAgdNVvbKelwIKKKCAAgoooIACCiiggAIKKKCAAgqMLWDgdGw6X6iAAgoooIACCiiggAIKKKCAAgoooIACqypg4HRVr6znpYACCiiggAIKKKCAAgoooIACCiiggAJjCxg4HZvOFyqggAIKKKCAAgoooIACCiiggAIKKKDAqgoYOF3VK+t5KaCAAgoooIACCiiggAIKKKCAAgoooMDYAgZOx6bzhQoooIACCiiggAIKKKCAAgoooIACCiiwqgIGTlf1ynpeCiiggAIKKKCAAgoooIACCiiggAIKKDC2gIHTsel8oQIKKKCAAgoooIACCiiggAIKKKCAAgqsqsD/B6QAj0t9KifkAAAAAElFTkSuQmCC', 'cek', '1', '2023-09-19', '2023-09-19');

--
-- Trigger `agunan_pinjams`
--
DELIMITER $$
CREATE TRIGGER `delete_agunan_masuks_status` AFTER DELETE ON `agunan_pinjams` FOR EACH ROW BEGIN
  UPDATE agunan_masuks
  SET status_id = 'Update Ulang'
  WHERE no_rekening = OLD.no_rekening;
END
$$
DELIMITER ;
DELIMITER $$
CREATE TRIGGER `insert_agunan_masuks_status` AFTER INSERT ON `agunan_pinjams` FOR EACH ROW BEGIN
  UPDATE agunan_masuks
  SET status_id = NEW.status_id
  WHERE no_rekening = NEW.no_rekening;
END
$$
DELIMITER ;
DELIMITER $$
CREATE TRIGGER `update_agunan_masuks_status` AFTER UPDATE ON `agunan_pinjams` FOR EACH ROW BEGIN
  UPDATE agunan_masuks
  SET status_id = NEW.status_id
  WHERE no_rekening = NEW.no_rekening;
END
$$
DELIMITER ;

-- --------------------------------------------------------

--
-- Struktur dari tabel `berkas_lemaris`
--

CREATE TABLE `berkas_lemaris` (
  `id` bigint(20) UNSIGNED NOT NULL,
  `kode_lemari` varchar(255) NOT NULL,
  `nama_lemari` varchar(255) NOT NULL,
  `created_at` timestamp NULL DEFAULT NULL,
  `updated_at` timestamp NULL DEFAULT NULL
) ENGINE=InnoDB DEFAULT CHARSET=utf8mb4 COLLATE=utf8mb4_unicode_ci;

--
-- Dumping data untuk tabel `berkas_lemaris`
--

INSERT INTO `berkas_lemaris` (`id`, `kode_lemari`, `nama_lemari`, `created_at`, `updated_at`) VALUES
(9, '02', 'Kredit Berjangka', '2023-09-11 06:15:23', '2023-09-11 06:15:23'),
(10, '03', 'Kredit Seuri', '2023-09-11 06:15:32', '2023-09-11 06:15:32'),
(11, '05', 'Kredit Back TO Back', '2023-09-11 06:15:40', '2023-09-11 06:15:40'),
(12, '06', 'Kredit Karyawan', '2023-09-11 06:15:49', '2023-09-11 06:15:49'),
(13, '08', 'Kredit Kreatif', '2023-09-11 06:15:57', '2023-09-11 06:15:57'),
(14, '09', 'Kredit Karisma', '2023-09-11 06:16:03', '2023-09-11 06:16:03'),
(15, '16', 'Kredit KPR Sejahtera', '2023-09-11 06:16:10', '2023-09-11 06:16:10'),
(16, '17', 'Kredit Perdagangan Sejahtera', '2023-09-11 06:16:19', '2023-09-11 06:16:19'),
(17, '18', 'Kredit Angkutan Sejahtera', '2023-09-11 06:16:25', '2023-09-11 06:16:25'),
(18, '19', 'Kredit Tani Sejahtera ', '2023-09-11 06:16:32', '2023-09-11 06:16:32'),
(19, '20', 'Kredit Multiguna Sejahtera', '2023-09-11 06:16:38', '2023-09-11 06:16:38'),
(20, '21', 'Kredit Pemilikan Emas', '2023-09-11 06:16:47', '2023-09-11 06:16:47'),
(21, '22', 'Kredit Fintech', '2023-09-11 06:16:53', '2023-09-11 06:16:53'),
(24, '02', 'Cerdass', '2023-09-18 19:24:54', '2023-09-18 19:24:54');

-- --------------------------------------------------------

--
-- Struktur dari tabel `berkas_masuks`
--

CREATE TABLE `berkas_masuks` (
  `id` bigint(20) UNSIGNED NOT NULL,
  `CIF` varchar(255) NOT NULL,
  `no_rekening` varchar(255) NOT NULL,
  `nama_debitur` varchar(255) DEFAULT NULL,
  `kode_lemari` varchar(255) DEFAULT NULL,
  `upload_berkas` varchar(255) DEFAULT NULL,
  `status` varchar(255) DEFAULT NULL,
  `created_at` timestamp NULL DEFAULT NULL,
  `updated_at` timestamp NULL DEFAULT NULL
) ENGINE=InnoDB DEFAULT CHARSET=utf8mb4 COLLATE=utf8mb4_unicode_ci;

--
-- Dumping data untuk tabel `berkas_masuks`
--

INSERT INTO `berkas_masuks` (`id`, `CIF`, `no_rekening`, `nama_debitur`, `kode_lemari`, `upload_berkas`, `status`, `created_at`, `updated_at`) VALUES
(63, '2352735325', '190900', 'Dwiky', '14', NULL, 'dipinjam', '2023-09-18 00:18:52', '2023-09-18 00:18:52'),
(64, '235252356', '100000', 'KAKA', '17', NULL, 'dilemari', '2023-09-18 00:19:11', '2023-09-18 00:19:11'),
(65, '464634536', '98989898', 'LINA MARLIANA', '17', 'cifRahayu Sri 1.pdf', 'dilemari', '2023-09-18 00:19:29', '2023-09-18 19:17:11'),
(66, '02701006309', '0270101401020439', 'Nenden', '9', 'cifRahayu Sri.pdf', 'dilemari', '2023-09-18 19:21:39', '2023-09-18 19:21:39'),
(68, '3333', '02701006309778', 'ff', '17', NULL, 'dilemari', '2023-09-18 20:04:10', '2023-09-18 20:04:10'),
(69, '46457', '027010063099890', 'jjj', '11', NULL, 'dilemari', '2023-09-18 20:04:24', '2023-09-18 20:04:24');

-- --------------------------------------------------------

--
-- Struktur dari tabel `berkas_pinjams`
--

CREATE TABLE `berkas_pinjams` (
  `id` bigint(20) UNSIGNED NOT NULL,
  `no_rekening` varchar(255) NOT NULL,
  `nama_debitur` varchar(255) DEFAULT NULL,
  `nama_peminjam` varchar(255) NOT NULL,
  `jabatan_peminjam` varchar(255) NOT NULL,
  `tanggal_pinjam` timestamp NOT NULL DEFAULT current_timestamp() ON UPDATE current_timestamp(),
  `keterangan_digunakan` text NOT NULL,
  `tanggal_kembali` date DEFAULT NULL,
  `status` varchar(255) NOT NULL,
  `created_at` timestamp NULL DEFAULT NULL,
  `updated_at` timestamp NULL DEFAULT NULL
) ENGINE=InnoDB DEFAULT CHARSET=utf8mb4 COLLATE=utf8mb4_unicode_ci;

--
-- Dumping data untuk tabel `berkas_pinjams`
--

INSERT INTO `berkas_pinjams` (`id`, `no_rekening`, `nama_debitur`, `nama_peminjam`, `jabatan_peminjam`, `tanggal_pinjam`, `keterangan_digunakan`, `tanggal_kembali`, `status`, `created_at`, `updated_at`) VALUES
(52, '190900', NULL, 'AGUS', 'LEGAL', '2023-09-17 17:00:00', 'pengecekan ', NULL, 'dipinjam', '2023-09-18 00:20:22', '2023-09-18 00:20:22'),
(53, '0270101401020439', NULL, 'AGUS ROMEO', 'LEGAL', '2023-09-18 17:00:00', 'Pengecekan berkas', '2023-09-20', 'dilemari', '2023-09-18 19:23:27', '2023-09-18 19:24:17');

--
-- Trigger `berkas_pinjams`
--
DELIMITER $$
CREATE TRIGGER `update_berkas_masuks_status` AFTER INSERT ON `berkas_pinjams` FOR EACH ROW BEGIN
  UPDATE berkas_masuks
  SET status = NEW.status
  WHERE no_rekening = NEW.no_rekening;
END
$$
DELIMITER ;
DELIMITER $$
CREATE TRIGGER `update_berkas_masuks_status_edit` AFTER UPDATE ON `berkas_pinjams` FOR EACH ROW BEGIN
  UPDATE berkas_masuks
  SET status = NEW.status
  WHERE no_rekening = NEW.no_rekening;
END
$$
DELIMITER ;
DELIMITER $$
CREATE TRIGGER `update_berkas_masuks_status_on_delete` AFTER DELETE ON `berkas_pinjams` FOR EACH ROW BEGIN
  UPDATE berkas_masuks
  SET status = 'dilemari'
  WHERE no_rekening = OLD.no_rekening;
END
$$
DELIMITER ;

-- --------------------------------------------------------

--
-- Struktur dari tabel `failed_jobs`
--

CREATE TABLE `failed_jobs` (
  `id` bigint(20) UNSIGNED NOT NULL,
  `uuid` varchar(255) NOT NULL,
  `connection` text NOT NULL,
  `queue` text NOT NULL,
  `payload` longtext NOT NULL,
  `exception` longtext NOT NULL,
  `failed_at` timestamp NOT NULL DEFAULT current_timestamp()
) ENGINE=InnoDB DEFAULT CHARSET=utf8mb4 COLLATE=utf8mb4_unicode_ci;

-- --------------------------------------------------------

--
-- Struktur dari tabel `media`
--

CREATE TABLE `media` (
  `id` bigint(20) UNSIGNED NOT NULL,
  `model_type` varchar(255) NOT NULL,
  `model_id` bigint(20) UNSIGNED NOT NULL,
  `uuid` char(36) DEFAULT NULL,
  `collection_name` varchar(255) NOT NULL,
  `name` varchar(255) NOT NULL,
  `file_name` varchar(255) NOT NULL,
  `mime_type` varchar(255) DEFAULT NULL,
  `disk` varchar(255) NOT NULL,
  `conversions_disk` varchar(255) DEFAULT NULL,
  `size` bigint(20) UNSIGNED NOT NULL,
  `manipulations` longtext CHARACTER SET utf8mb4 COLLATE utf8mb4_bin NOT NULL CHECK (json_valid(`manipulations`)),
  `custom_properties` longtext CHARACTER SET utf8mb4 COLLATE utf8mb4_bin NOT NULL CHECK (json_valid(`custom_properties`)),
  `generated_conversions` longtext CHARACTER SET utf8mb4 COLLATE utf8mb4_bin NOT NULL CHECK (json_valid(`generated_conversions`)),
  `responsive_images` longtext CHARACTER SET utf8mb4 COLLATE utf8mb4_bin NOT NULL CHECK (json_valid(`responsive_images`)),
  `order_column` int(10) UNSIGNED DEFAULT NULL,
  `created_at` timestamp NULL DEFAULT NULL,
  `updated_at` timestamp NULL DEFAULT NULL
) ENGINE=InnoDB DEFAULT CHARSET=utf8mb4 COLLATE=utf8mb4_unicode_ci;

--
-- Dumping data untuk tabel `media`
--

INSERT INTO `media` (`id`, `model_type`, `model_id`, `uuid`, `collection_name`, `name`, `file_name`, `mime_type`, `disk`, `conversions_disk`, `size`, `manipulations`, `custom_properties`, `generated_conversions`, `responsive_images`, `order_column`, `created_at`, `updated_at`) VALUES
(7, 'App\\Models\\BerkasMasuk', 47, '9da9f8da-4dd4-4eb6-bf25-3fe0114566bf', 'default', 'Merah Modern Berita Terkini Youtube Thumbnail', 'J73u88fquYVhO4fDB4WPD70J5VBsyp-metaTWVyYWggTW9kZXJuIEJlcml0YSBUZXJraW5pIFlvdXR1YmUgVGh1bWJuYWlsLnBuZw==-.png', 'image/png', 'public', 'public', 1017954, '[]', '[]', '[]', '[]', 1, '2023-09-11 20:19:36', '2023-09-11 20:19:36');

-- --------------------------------------------------------

--
-- Struktur dari tabel `migrations`
--

CREATE TABLE `migrations` (
  `id` int(10) UNSIGNED NOT NULL,
  `migration` varchar(255) NOT NULL,
  `batch` int(11) NOT NULL
) ENGINE=InnoDB DEFAULT CHARSET=utf8mb4 COLLATE=utf8mb4_unicode_ci;

--
-- Dumping data untuk tabel `migrations`
--

INSERT INTO `migrations` (`id`, `migration`, `batch`) VALUES
(7, '2014_10_12_000000_create_users_table', 1),
(8, '2014_10_12_100000_create_password_reset_tokens_table', 1),
(9, '2019_08_19_000000_create_failed_jobs_table', 1),
(10, '2019_12_14_000001_create_personal_access_tokens_table', 1),
(11, '2023_09_06_070100_create_berkas_lemaris_table', 1),
(12, '2023_09_06_070116_create_berkas_masuks_table', 1),
(13, '2023_09_07_080414_create_media_table', 2),
(14, '2023_09_09_070305_tambah_kolom_status_ke_berkas_masuks', 3),
(15, '2023_09_09_071950_create_berkas_pinjams_table', 4),
(16, '2023_09_09_084455_tambah_kolom_tanggal_kembali__ke_berkas_pinjams', 5),
(17, '2023_09_12_043750_create_statusagunan_table', 6),
(18, '2023_09_12_044446_create_statusagunans_table', 7),
(19, '2023_09_12_044446_create_status_agunans_table', 8),
(20, '2023_09_12_065204_create_agunan_masuks_table', 9),
(21, '2023_09_12_121013_create_agunan_pinjams_table', 10),
(22, '2023_09_12_121549_create_agunan_pinjams_table', 11),
(23, '2023_09_12_133633_create_pengembalian_agunans_table', 12),
(24, '2023_09_22_034751_create_permission_tables', 13);

-- --------------------------------------------------------

--
-- Struktur dari tabel `model_has_permissions`
--

CREATE TABLE `model_has_permissions` (
  `permission_id` bigint(20) UNSIGNED NOT NULL,
  `model_type` varchar(255) NOT NULL,
  `model_id` bigint(20) UNSIGNED NOT NULL
) ENGINE=InnoDB DEFAULT CHARSET=utf8mb4 COLLATE=utf8mb4_unicode_ci;

-- --------------------------------------------------------

--
-- Struktur dari tabel `model_has_roles`
--

CREATE TABLE `model_has_roles` (
  `role_id` bigint(20) UNSIGNED NOT NULL,
  `model_type` varchar(255) NOT NULL,
  `model_id` bigint(20) UNSIGNED NOT NULL
) ENGINE=InnoDB DEFAULT CHARSET=utf8mb4 COLLATE=utf8mb4_unicode_ci;

--
-- Dumping data untuk tabel `model_has_roles`
--

INSERT INTO `model_has_roles` (`role_id`, `model_type`, `model_id`) VALUES
(1, 'App\\Models\\User', 1),
(1, 'App\\Models\\User', 4),
(2, 'App\\Models\\User', 3);

-- --------------------------------------------------------

--
-- Struktur dari tabel `password_reset_tokens`
--

CREATE TABLE `password_reset_tokens` (
  `email` varchar(255) NOT NULL,
  `token` varchar(255) NOT NULL,
  `created_at` timestamp NULL DEFAULT NULL
) ENGINE=InnoDB DEFAULT CHARSET=utf8mb4 COLLATE=utf8mb4_unicode_ci;

-- --------------------------------------------------------

--
-- Struktur dari tabel `pengembalian_agunans`
--

CREATE TABLE `pengembalian_agunans` (
  `id` bigint(20) UNSIGNED NOT NULL,
  `no_rekening` varchar(255) NOT NULL,
  `nama_debitur` varchar(255) NOT NULL,
  `tanggal` date NOT NULL,
  `jaminan` varchar(255) DEFAULT NULL,
  `alamat` varchar(255) DEFAULT NULL,
  `no_hp` varchar(255) DEFAULT NULL,
  `upload_bukti` varchar(255) DEFAULT NULL,
  `status_id` varchar(255) DEFAULT NULL,
  `keterangan` text DEFAULT NULL,
  `created_at` timestamp NULL DEFAULT NULL,
  `updated_at` timestamp NULL DEFAULT NULL
) ENGINE=InnoDB DEFAULT CHARSET=utf8mb4 COLLATE=utf8mb4_unicode_ci;

--
-- Dumping data untuk tabel `pengembalian_agunans`
--

INSERT INTO `pengembalian_agunans` (`id`, `no_rekening`, `nama_debitur`, `tanggal`, `jaminan`, `alamat`, `no_hp`, `upload_bukti`, `status_id`, `keterangan`, `created_at`, `updated_at`) VALUES
(21, '0270101401020439', 'Nenden', '2023-09-19', 'kkk', 'kk', 'k', 'kk', 'sudah dikembalikan ke debitur', 'k', '2023-09-18 20:05:30', '2023-09-18 20:05:30'),
(22, '027010063099890', 'jjj', '2023-09-19', 'jj', 'jj', 'jj', 'jj', 'sudah dikembalikan ke debitur', 'jj', '2023-09-18 20:05:50', '2023-09-18 20:05:50'),
(23, '02701006309778', 'ff', '2023-09-21', 'fgg', 'g', 'gg', 'gg', 'sudah dikembalikan ke debitur', 'g', '2023-09-18 20:06:07', '2023-09-18 20:06:07');

--
-- Trigger `pengembalian_agunans`
--
DELIMITER $$
CREATE TRIGGER `tr_delete_agunan_on_agunanmasuk_dan_agunanpinjas` AFTER INSERT ON `pengembalian_agunans` FOR EACH ROW BEGIN

    DECLARE noRekening BIGINT;
    SET noRekening = NEW.no_rekening;
    
    -- Hapus data dari tabel agunan_pinjam dengan nomor kredit yang sesuai
    DELETE FROM agunan_pinjams WHERE no_rekening = noRekening;
    
    -- Hapus data dari tabel agunan_masuk dengan nomor kredit yang sesuai
    DELETE FROM agunan_masuks WHERE no_rekening = noRekening;
END
$$
DELIMITER ;

-- --------------------------------------------------------

--
-- Struktur dari tabel `permissions`
--

CREATE TABLE `permissions` (
  `id` bigint(20) UNSIGNED NOT NULL,
  `name` varchar(255) NOT NULL,
  `guard_name` varchar(255) NOT NULL,
  `created_at` timestamp NULL DEFAULT NULL,
  `updated_at` timestamp NULL DEFAULT NULL
) ENGINE=InnoDB DEFAULT CHARSET=utf8mb4 COLLATE=utf8mb4_unicode_ci;

--
-- Dumping data untuk tabel `permissions`
--

INSERT INTO `permissions` (`id`, `name`, `guard_name`, `created_at`, `updated_at`) VALUES
(1, 'view-any AgunanMasuk', 'web', '2023-09-21 21:13:08', '2023-09-21 21:13:08'),
(2, 'view-any AgunanMasuk', 'api', '2023-09-21 21:13:08', '2023-09-21 21:13:08'),
(3, 'view AgunanMasuk', 'web', '2023-09-21 21:13:08', '2023-09-21 21:13:08'),
(4, 'view AgunanMasuk', 'api', '2023-09-21 21:13:08', '2023-09-21 21:13:08'),
(5, 'create AgunanMasuk', 'web', '2023-09-21 21:13:08', '2023-09-21 21:13:08'),
(6, 'create AgunanMasuk', 'api', '2023-09-21 21:13:08', '2023-09-21 21:13:08'),
(7, 'update AgunanMasuk', 'web', '2023-09-21 21:13:08', '2023-09-21 21:13:08'),
(8, 'update AgunanMasuk', 'api', '2023-09-21 21:13:08', '2023-09-21 21:13:08'),
(9, 'delete AgunanMasuk', 'web', '2023-09-21 21:13:08', '2023-09-21 21:13:08'),
(10, 'delete AgunanMasuk', 'api', '2023-09-21 21:13:08', '2023-09-21 21:13:08'),
(11, 'restore AgunanMasuk', 'web', '2023-09-21 21:13:08', '2023-09-21 21:13:08'),
(12, 'restore AgunanMasuk', 'api', '2023-09-21 21:13:08', '2023-09-21 21:13:08'),
(13, 'force-delete AgunanMasuk', 'web', '2023-09-21 21:13:08', '2023-09-21 21:13:08'),
(14, 'force-delete AgunanMasuk', 'api', '2023-09-21 21:13:08', '2023-09-21 21:13:08'),
(15, 'replicate AgunanMasuk', 'web', '2023-09-21 21:13:08', '2023-09-21 21:13:08'),
(16, 'replicate AgunanMasuk', 'api', '2023-09-21 21:13:08', '2023-09-21 21:13:08'),
(17, 'reorder AgunanMasuk', 'web', '2023-09-21 21:13:08', '2023-09-21 21:13:08'),
(18, 'reorder AgunanMasuk', 'api', '2023-09-21 21:13:08', '2023-09-21 21:13:08'),
(19, 'view-any AgunanPinjam', 'web', '2023-09-21 21:13:08', '2023-09-21 21:13:08'),
(20, 'view-any AgunanPinjam', 'api', '2023-09-21 21:13:08', '2023-09-21 21:13:08'),
(21, 'view AgunanPinjam', 'web', '2023-09-21 21:13:08', '2023-09-21 21:13:08'),
(22, 'view AgunanPinjam', 'api', '2023-09-21 21:13:08', '2023-09-21 21:13:08'),
(23, 'create AgunanPinjam', 'web', '2023-09-21 21:13:08', '2023-09-21 21:13:08'),
(24, 'create AgunanPinjam', 'api', '2023-09-21 21:13:08', '2023-09-21 21:13:08'),
(25, 'update AgunanPinjam', 'web', '2023-09-21 21:13:08', '2023-09-21 21:13:08'),
(26, 'update AgunanPinjam', 'api', '2023-09-21 21:13:08', '2023-09-21 21:13:08'),
(27, 'delete AgunanPinjam', 'web', '2023-09-21 21:13:08', '2023-09-21 21:13:08'),
(28, 'delete AgunanPinjam', 'api', '2023-09-21 21:13:08', '2023-09-21 21:13:08'),
(29, 'restore AgunanPinjam', 'web', '2023-09-21 21:13:08', '2023-09-21 21:13:08'),
(30, 'restore AgunanPinjam', 'api', '2023-09-21 21:13:08', '2023-09-21 21:13:08'),
(31, 'force-delete AgunanPinjam', 'web', '2023-09-21 21:13:08', '2023-09-21 21:13:08'),
(32, 'force-delete AgunanPinjam', 'api', '2023-09-21 21:13:08', '2023-09-21 21:13:08'),
(33, 'replicate AgunanPinjam', 'web', '2023-09-21 21:13:08', '2023-09-21 21:13:08'),
(34, 'replicate AgunanPinjam', 'api', '2023-09-21 21:13:08', '2023-09-21 21:13:08'),
(35, 'reorder AgunanPinjam', 'web', '2023-09-21 21:13:08', '2023-09-21 21:13:08'),
(36, 'reorder AgunanPinjam', 'api', '2023-09-21 21:13:09', '2023-09-21 21:13:09'),
(37, 'view-any BerkasLemari', 'web', '2023-09-21 21:13:09', '2023-09-21 21:13:09'),
(38, 'view-any BerkasLemari', 'api', '2023-09-21 21:13:09', '2023-09-21 21:13:09'),
(39, 'view BerkasLemari', 'web', '2023-09-21 21:13:09', '2023-09-21 21:13:09'),
(40, 'view BerkasLemari', 'api', '2023-09-21 21:13:09', '2023-09-21 21:13:09'),
(41, 'create BerkasLemari', 'web', '2023-09-21 21:13:09', '2023-09-21 21:13:09'),
(42, 'create BerkasLemari', 'api', '2023-09-21 21:13:09', '2023-09-21 21:13:09'),
(43, 'update BerkasLemari', 'web', '2023-09-21 21:13:09', '2023-09-21 21:13:09'),
(44, 'update BerkasLemari', 'api', '2023-09-21 21:13:09', '2023-09-21 21:13:09'),
(45, 'delete BerkasLemari', 'web', '2023-09-21 21:13:09', '2023-09-21 21:13:09'),
(46, 'delete BerkasLemari', 'api', '2023-09-21 21:13:09', '2023-09-21 21:13:09'),
(47, 'restore BerkasLemari', 'web', '2023-09-21 21:13:09', '2023-09-21 21:13:09'),
(48, 'restore BerkasLemari', 'api', '2023-09-21 21:13:09', '2023-09-21 21:13:09'),
(49, 'force-delete BerkasLemari', 'web', '2023-09-21 21:13:09', '2023-09-21 21:13:09'),
(50, 'force-delete BerkasLemari', 'api', '2023-09-21 21:13:09', '2023-09-21 21:13:09'),
(51, 'replicate BerkasLemari', 'web', '2023-09-21 21:13:09', '2023-09-21 21:13:09'),
(52, 'replicate BerkasLemari', 'api', '2023-09-21 21:13:09', '2023-09-21 21:13:09'),
(53, 'reorder BerkasLemari', 'web', '2023-09-21 21:13:09', '2023-09-21 21:13:09'),
(54, 'reorder BerkasLemari', 'api', '2023-09-21 21:13:09', '2023-09-21 21:13:09'),
(55, 'view-any BerkasMasuk', 'web', '2023-09-21 21:13:09', '2023-09-21 21:13:09'),
(56, 'view-any BerkasMasuk', 'api', '2023-09-21 21:13:09', '2023-09-21 21:13:09'),
(57, 'view BerkasMasuk', 'web', '2023-09-21 21:13:09', '2023-09-21 21:13:09'),
(58, 'view BerkasMasuk', 'api', '2023-09-21 21:13:09', '2023-09-21 21:13:09'),
(59, 'create BerkasMasuk', 'web', '2023-09-21 21:13:09', '2023-09-21 21:13:09'),
(60, 'create BerkasMasuk', 'api', '2023-09-21 21:13:09', '2023-09-21 21:13:09'),
(61, 'update BerkasMasuk', 'web', '2023-09-21 21:13:09', '2023-09-21 21:13:09'),
(62, 'update BerkasMasuk', 'api', '2023-09-21 21:13:09', '2023-09-21 21:13:09'),
(63, 'delete BerkasMasuk', 'web', '2023-09-21 21:13:09', '2023-09-21 21:13:09'),
(64, 'delete BerkasMasuk', 'api', '2023-09-21 21:13:09', '2023-09-21 21:13:09'),
(65, 'restore BerkasMasuk', 'web', '2023-09-21 21:13:09', '2023-09-21 21:13:09'),
(66, 'restore BerkasMasuk', 'api', '2023-09-21 21:13:09', '2023-09-21 21:13:09'),
(67, 'force-delete BerkasMasuk', 'web', '2023-09-21 21:13:09', '2023-09-21 21:13:09'),
(68, 'force-delete BerkasMasuk', 'api', '2023-09-21 21:13:09', '2023-09-21 21:13:09'),
(69, 'replicate BerkasMasuk', 'web', '2023-09-21 21:13:09', '2023-09-21 21:13:09'),
(70, 'replicate BerkasMasuk', 'api', '2023-09-21 21:13:09', '2023-09-21 21:13:09'),
(71, 'reorder BerkasMasuk', 'web', '2023-09-21 21:13:09', '2023-09-21 21:13:09'),
(72, 'reorder BerkasMasuk', 'api', '2023-09-21 21:13:09', '2023-09-21 21:13:09'),
(73, 'view-any BerkasPinjam', 'web', '2023-09-21 21:13:09', '2023-09-21 21:13:09'),
(74, 'view-any BerkasPinjam', 'api', '2023-09-21 21:13:09', '2023-09-21 21:13:09'),
(75, 'view BerkasPinjam', 'web', '2023-09-21 21:13:09', '2023-09-21 21:13:09'),
(76, 'view BerkasPinjam', 'api', '2023-09-21 21:13:09', '2023-09-21 21:13:09'),
(77, 'create BerkasPinjam', 'web', '2023-09-21 21:13:09', '2023-09-21 21:13:09'),
(78, 'create BerkasPinjam', 'api', '2023-09-21 21:13:09', '2023-09-21 21:13:09'),
(79, 'update BerkasPinjam', 'web', '2023-09-21 21:13:09', '2023-09-21 21:13:09'),
(80, 'update BerkasPinjam', 'api', '2023-09-21 21:13:09', '2023-09-21 21:13:09'),
(81, 'delete BerkasPinjam', 'web', '2023-09-21 21:13:09', '2023-09-21 21:13:09'),
(82, 'delete BerkasPinjam', 'api', '2023-09-21 21:13:09', '2023-09-21 21:13:09'),
(83, 'restore BerkasPinjam', 'web', '2023-09-21 21:13:09', '2023-09-21 21:13:09'),
(84, 'restore BerkasPinjam', 'api', '2023-09-21 21:13:09', '2023-09-21 21:13:09'),
(85, 'force-delete BerkasPinjam', 'web', '2023-09-21 21:13:09', '2023-09-21 21:13:09'),
(86, 'force-delete BerkasPinjam', 'api', '2023-09-21 21:13:09', '2023-09-21 21:13:09'),
(87, 'replicate BerkasPinjam', 'web', '2023-09-21 21:13:09', '2023-09-21 21:13:09'),
(88, 'replicate BerkasPinjam', 'api', '2023-09-21 21:13:09', '2023-09-21 21:13:09'),
(89, 'reorder BerkasPinjam', 'web', '2023-09-21 21:13:09', '2023-09-21 21:13:09'),
(90, 'reorder BerkasPinjam', 'api', '2023-09-21 21:13:09', '2023-09-21 21:13:09'),
(91, 'view-any PengembalianAgunan', 'web', '2023-09-21 21:13:09', '2023-09-21 21:13:09'),
(92, 'view-any PengembalianAgunan', 'api', '2023-09-21 21:13:09', '2023-09-21 21:13:09'),
(93, 'view PengembalianAgunan', 'web', '2023-09-21 21:13:09', '2023-09-21 21:13:09'),
(94, 'view PengembalianAgunan', 'api', '2023-09-21 21:13:09', '2023-09-21 21:13:09'),
(95, 'create PengembalianAgunan', 'web', '2023-09-21 21:13:09', '2023-09-21 21:13:09'),
(96, 'create PengembalianAgunan', 'api', '2023-09-21 21:13:09', '2023-09-21 21:13:09'),
(97, 'update PengembalianAgunan', 'web', '2023-09-21 21:13:09', '2023-09-21 21:13:09'),
(98, 'update PengembalianAgunan', 'api', '2023-09-21 21:13:09', '2023-09-21 21:13:09'),
(99, 'delete PengembalianAgunan', 'web', '2023-09-21 21:13:09', '2023-09-21 21:13:09'),
(100, 'delete PengembalianAgunan', 'api', '2023-09-21 21:13:09', '2023-09-21 21:13:09'),
(101, 'restore PengembalianAgunan', 'web', '2023-09-21 21:13:09', '2023-09-21 21:13:09'),
(102, 'restore PengembalianAgunan', 'api', '2023-09-21 21:13:09', '2023-09-21 21:13:09'),
(103, 'force-delete PengembalianAgunan', 'web', '2023-09-21 21:13:09', '2023-09-21 21:13:09'),
(104, 'force-delete PengembalianAgunan', 'api', '2023-09-21 21:13:09', '2023-09-21 21:13:09'),
(105, 'replicate PengembalianAgunan', 'web', '2023-09-21 21:13:09', '2023-09-21 21:13:09'),
(106, 'replicate PengembalianAgunan', 'api', '2023-09-21 21:13:09', '2023-09-21 21:13:09'),
(107, 'reorder PengembalianAgunan', 'web', '2023-09-21 21:13:09', '2023-09-21 21:13:09'),
(108, 'reorder PengembalianAgunan', 'api', '2023-09-21 21:13:09', '2023-09-21 21:13:09'),
(109, 'view-any StatusAgunan', 'web', '2023-09-21 21:13:09', '2023-09-21 21:13:09'),
(110, 'view-any StatusAgunan', 'api', '2023-09-21 21:13:09', '2023-09-21 21:13:09'),
(111, 'view StatusAgunan', 'web', '2023-09-21 21:13:09', '2023-09-21 21:13:09'),
(112, 'view StatusAgunan', 'api', '2023-09-21 21:13:09', '2023-09-21 21:13:09'),
(113, 'create StatusAgunan', 'web', '2023-09-21 21:13:09', '2023-09-21 21:13:09'),
(114, 'create StatusAgunan', 'api', '2023-09-21 21:13:09', '2023-09-21 21:13:09'),
(115, 'update StatusAgunan', 'web', '2023-09-21 21:13:09', '2023-09-21 21:13:09'),
(116, 'update StatusAgunan', 'api', '2023-09-21 21:13:09', '2023-09-21 21:13:09'),
(117, 'delete StatusAgunan', 'web', '2023-09-21 21:13:09', '2023-09-21 21:13:09'),
(118, 'delete StatusAgunan', 'api', '2023-09-21 21:13:09', '2023-09-21 21:13:09'),
(119, 'restore StatusAgunan', 'web', '2023-09-21 21:13:09', '2023-09-21 21:13:09'),
(120, 'restore StatusAgunan', 'api', '2023-09-21 21:13:09', '2023-09-21 21:13:09'),
(121, 'force-delete StatusAgunan', 'web', '2023-09-21 21:13:09', '2023-09-21 21:13:09'),
(122, 'force-delete StatusAgunan', 'api', '2023-09-21 21:13:09', '2023-09-21 21:13:09'),
(123, 'replicate StatusAgunan', 'web', '2023-09-21 21:13:09', '2023-09-21 21:13:09'),
(124, 'replicate StatusAgunan', 'api', '2023-09-21 21:13:09', '2023-09-21 21:13:09'),
(125, 'reorder StatusAgunan', 'web', '2023-09-21 21:13:09', '2023-09-21 21:13:09'),
(126, 'reorder StatusAgunan', 'api', '2023-09-21 21:13:09', '2023-09-21 21:13:09'),
(127, 'view-any User', 'web', '2023-09-21 21:13:09', '2023-09-21 21:13:09'),
(128, 'view-any User', 'api', '2023-09-21 21:13:09', '2023-09-21 21:13:09'),
(129, 'view User', 'web', '2023-09-21 21:13:09', '2023-09-21 21:13:09'),
(130, 'view User', 'api', '2023-09-21 21:13:09', '2023-09-21 21:13:09'),
(131, 'create User', 'web', '2023-09-21 21:13:09', '2023-09-21 21:13:09'),
(132, 'create User', 'api', '2023-09-21 21:13:09', '2023-09-21 21:13:09'),
(133, 'update User', 'web', '2023-09-21 21:13:09', '2023-09-21 21:13:09'),
(134, 'update User', 'api', '2023-09-21 21:13:09', '2023-09-21 21:13:09'),
(135, 'delete User', 'web', '2023-09-21 21:13:09', '2023-09-21 21:13:09'),
(136, 'delete User', 'api', '2023-09-21 21:13:09', '2023-09-21 21:13:09'),
(137, 'restore User', 'web', '2023-09-21 21:13:09', '2023-09-21 21:13:09'),
(138, 'restore User', 'api', '2023-09-21 21:13:09', '2023-09-21 21:13:09'),
(139, 'force-delete User', 'web', '2023-09-21 21:13:09', '2023-09-21 21:13:09'),
(140, 'force-delete User', 'api', '2023-09-21 21:13:09', '2023-09-21 21:13:09'),
(141, 'replicate User', 'web', '2023-09-21 21:13:09', '2023-09-21 21:13:09'),
(142, 'replicate User', 'api', '2023-09-21 21:13:09', '2023-09-21 21:13:09'),
(143, 'reorder User', 'web', '2023-09-21 21:13:09', '2023-09-21 21:13:09'),
(144, 'reorder User', 'api', '2023-09-21 21:13:09', '2023-09-21 21:13:09'),
(145, 'view-any Role', 'web', '2023-09-21 23:18:50', '2023-09-21 23:18:50');

-- --------------------------------------------------------

--
-- Struktur dari tabel `personal_access_tokens`
--

CREATE TABLE `personal_access_tokens` (
  `id` bigint(20) UNSIGNED NOT NULL,
  `tokenable_type` varchar(255) NOT NULL,
  `tokenable_id` bigint(20) UNSIGNED NOT NULL,
  `name` varchar(255) NOT NULL,
  `token` varchar(64) NOT NULL,
  `abilities` text DEFAULT NULL,
  `last_used_at` timestamp NULL DEFAULT NULL,
  `expires_at` timestamp NULL DEFAULT NULL,
  `created_at` timestamp NULL DEFAULT NULL,
  `updated_at` timestamp NULL DEFAULT NULL
) ENGINE=InnoDB DEFAULT CHARSET=utf8mb4 COLLATE=utf8mb4_unicode_ci;

-- --------------------------------------------------------

--
-- Struktur dari tabel `roles`
--

CREATE TABLE `roles` (
  `id` bigint(20) UNSIGNED NOT NULL,
  `name` varchar(255) NOT NULL,
  `guard_name` varchar(255) NOT NULL,
  `created_at` timestamp NULL DEFAULT NULL,
  `updated_at` timestamp NULL DEFAULT NULL
) ENGINE=InnoDB DEFAULT CHARSET=utf8mb4 COLLATE=utf8mb4_unicode_ci;

--
-- Dumping data untuk tabel `roles`
--

INSERT INTO `roles` (`id`, `name`, `guard_name`, `created_at`, `updated_at`) VALUES
(1, 'admin', 'web', '2023-09-21 20:55:09', '2023-09-21 20:55:09'),
(2, 'superadmin', 'web', '2023-09-21 20:55:13', '2023-09-21 20:55:13');

-- --------------------------------------------------------

--
-- Struktur dari tabel `role_has_permissions`
--

CREATE TABLE `role_has_permissions` (
  `permission_id` bigint(20) UNSIGNED NOT NULL,
  `role_id` bigint(20) UNSIGNED NOT NULL
) ENGINE=InnoDB DEFAULT CHARSET=utf8mb4 COLLATE=utf8mb4_unicode_ci;

--
-- Dumping data untuk tabel `role_has_permissions`
--

INSERT INTO `role_has_permissions` (`permission_id`, `role_id`) VALUES
(1, 1),
(2, 1),
(3, 1),
(4, 1),
(5, 1),
(6, 1),
(7, 1),
(8, 1),
(9, 1),
(10, 1),
(11, 1),
(12, 1),
(13, 1),
(14, 1),
(15, 1),
(16, 1),
(17, 1),
(18, 1),
(19, 1),
(20, 1),
(21, 1),
(22, 1),
(23, 1),
(24, 1),
(25, 1),
(26, 1),
(27, 1),
(28, 1),
(29, 1),
(30, 1),
(31, 1),
(32, 1),
(33, 1),
(34, 1),
(35, 1),
(36, 1),
(37, 1),
(38, 1),
(39, 1),
(40, 1),
(41, 1),
(42, 1),
(43, 1),
(44, 1),
(45, 1),
(46, 1),
(47, 1),
(48, 1),
(49, 1),
(50, 1),
(51, 1),
(52, 1),
(53, 1),
(54, 1),
(55, 1),
(56, 1),
(57, 1),
(58, 1),
(59, 1),
(60, 1),
(61, 1),
(62, 1),
(63, 1),
(64, 1),
(65, 1),
(66, 1),
(67, 1),
(68, 1),
(69, 1),
(70, 1),
(71, 1),
(72, 1),
(73, 1),
(74, 1),
(75, 1),
(76, 1),
(77, 1),
(78, 1),
(79, 1),
(80, 1),
(81, 1),
(82, 1),
(83, 1),
(84, 1),
(85, 1),
(86, 1),
(87, 1),
(88, 1),
(89, 1),
(90, 1),
(91, 1),
(92, 1),
(93, 1),
(94, 1),
(95, 1),
(96, 1),
(97, 1),
(98, 1),
(99, 1),
(100, 1),
(101, 1),
(102, 1),
(103, 1),
(104, 1),
(105, 1),
(106, 1),
(107, 1),
(108, 1),
(109, 1),
(110, 1),
(111, 1),
(112, 1),
(113, 1),
(114, 1),
(115, 1),
(116, 1),
(117, 1),
(118, 1),
(119, 1),
(120, 1),
(121, 1),
(122, 1),
(123, 1),
(124, 1),
(125, 1),
(126, 1),
(127, 2),
(128, 2),
(129, 2),
(130, 2),
(131, 2),
(132, 2),
(133, 2),
(134, 2),
(135, 2),
(136, 2),
(137, 2),
(138, 2),
(143, 2),
(144, 2),
(145, 2);

-- --------------------------------------------------------

--
-- Struktur dari tabel `status_agunans`
--

CREATE TABLE `status_agunans` (
  `id` bigint(20) UNSIGNED NOT NULL,
  `nama_status` varchar(255) NOT NULL,
  `created_at` timestamp NULL DEFAULT NULL,
  `updated_at` timestamp NULL DEFAULT NULL
) ENGINE=InnoDB DEFAULT CHARSET=utf8mb4 COLLATE=utf8mb4_unicode_ci;

--
-- Dumping data untuk tabel `status_agunans`
--

INSERT INTO `status_agunans` (`id`, `nama_status`, `created_at`, `updated_at`) VALUES
(1, 'Brankas Khasanah', '2023-09-11 21:57:22', '2023-09-11 23:20:44'),
(2, 'Brankas SBD', '2023-09-11 23:20:56', '2023-09-11 23:20:56'),
(3, 'Di Pinjam', '2023-09-11 23:21:09', '2023-09-11 23:21:09'),
(4, 'Di Kembalikan Ke Petugas', '2023-09-11 23:21:26', '2023-09-11 23:21:26');

-- --------------------------------------------------------

--
-- Struktur dari tabel `users`
--

CREATE TABLE `users` (
  `id` bigint(20) UNSIGNED NOT NULL,
  `name` varchar(255) NOT NULL,
  `email` varchar(255) NOT NULL,
  `email_verified_at` timestamp NULL DEFAULT NULL,
  `password` varchar(255) NOT NULL,
  `remember_token` varchar(100) DEFAULT NULL,
  `created_at` timestamp NULL DEFAULT NULL,
  `updated_at` timestamp NULL DEFAULT NULL
) ENGINE=InnoDB DEFAULT CHARSET=utf8mb4 COLLATE=utf8mb4_unicode_ci;

--
-- Dumping data untuk tabel `users`
--

INSERT INTO `users` (`id`, `name`, `email`, `email_verified_at`, `password`, `remember_token`, `created_at`, `updated_at`) VALUES
(1, 'arief', 'arief@gmail.com', NULL, '$2y$10$kYTTcVMgdOYZ8MifepacVemfOMsQulS2AgXenLYSL.U2diPEEtbLe', NULL, '2023-09-06 20:40:55', '2023-09-06 20:40:55'),
(3, 'superadmin', 'superadmin@gmail.com', NULL, '$2y$10$qCp1wbYDtkZOs3v3EAXdCe7pudYZhjRUFKjegnjQIEFkl/HmVmrd2', NULL, '2023-09-21 21:19:57', '2023-09-21 21:19:57'),
(4, 'admin', 'admin@gmail.com', NULL, '$2y$10$Gy0okb4/izouR7OgQnOjceSfcfV1AzNpDi2WDL/CkbKPw8YgeUrT.', NULL, '2023-09-21 21:22:11', '2023-09-21 21:22:11');

--
-- Indexes for dumped tables
--

--
-- Indeks untuk tabel `agunan_masuks`
--
ALTER TABLE `agunan_masuks`
  ADD PRIMARY KEY (`id`);

--
-- Indeks untuk tabel `agunan_pinjams`
--
ALTER TABLE `agunan_pinjams`
  ADD PRIMARY KEY (`id`);

--
-- Indeks untuk tabel `berkas_lemaris`
--
ALTER TABLE `berkas_lemaris`
  ADD PRIMARY KEY (`id`);

--
-- Indeks untuk tabel `berkas_masuks`
--
ALTER TABLE `berkas_masuks`
  ADD PRIMARY KEY (`id`);

--
-- Indeks untuk tabel `berkas_pinjams`
--
ALTER TABLE `berkas_pinjams`
  ADD PRIMARY KEY (`id`);

--
-- Indeks untuk tabel `failed_jobs`
--
ALTER TABLE `failed_jobs`
  ADD PRIMARY KEY (`id`),
  ADD UNIQUE KEY `failed_jobs_uuid_unique` (`uuid`);

--
-- Indeks untuk tabel `media`
--
ALTER TABLE `media`
  ADD PRIMARY KEY (`id`),
  ADD UNIQUE KEY `media_uuid_unique` (`uuid`),
  ADD KEY `media_model_type_model_id_index` (`model_type`,`model_id`),
  ADD KEY `media_order_column_index` (`order_column`);

--
-- Indeks untuk tabel `migrations`
--
ALTER TABLE `migrations`
  ADD PRIMARY KEY (`id`);

--
-- Indeks untuk tabel `model_has_permissions`
--
ALTER TABLE `model_has_permissions`
  ADD PRIMARY KEY (`permission_id`,`model_id`,`model_type`),
  ADD KEY `model_has_permissions_model_id_model_type_index` (`model_id`,`model_type`);

--
-- Indeks untuk tabel `model_has_roles`
--
ALTER TABLE `model_has_roles`
  ADD PRIMARY KEY (`role_id`,`model_id`,`model_type`),
  ADD KEY `model_has_roles_model_id_model_type_index` (`model_id`,`model_type`);

--
-- Indeks untuk tabel `password_reset_tokens`
--
ALTER TABLE `password_reset_tokens`
  ADD PRIMARY KEY (`email`);

--
-- Indeks untuk tabel `pengembalian_agunans`
--
ALTER TABLE `pengembalian_agunans`
  ADD PRIMARY KEY (`id`);

--
-- Indeks untuk tabel `permissions`
--
ALTER TABLE `permissions`
  ADD PRIMARY KEY (`id`),
  ADD UNIQUE KEY `permissions_name_guard_name_unique` (`name`,`guard_name`);

--
-- Indeks untuk tabel `personal_access_tokens`
--
ALTER TABLE `personal_access_tokens`
  ADD PRIMARY KEY (`id`),
  ADD UNIQUE KEY `personal_access_tokens_token_unique` (`token`),
  ADD KEY `personal_access_tokens_tokenable_type_tokenable_id_index` (`tokenable_type`,`tokenable_id`);

--
-- Indeks untuk tabel `roles`
--
ALTER TABLE `roles`
  ADD PRIMARY KEY (`id`),
  ADD UNIQUE KEY `roles_name_guard_name_unique` (`name`,`guard_name`);

--
-- Indeks untuk tabel `role_has_permissions`
--
ALTER TABLE `role_has_permissions`
  ADD PRIMARY KEY (`permission_id`,`role_id`),
  ADD KEY `role_has_permissions_role_id_foreign` (`role_id`);

--
-- Indeks untuk tabel `status_agunans`
--
ALTER TABLE `status_agunans`
  ADD PRIMARY KEY (`id`);

--
-- Indeks untuk tabel `users`
--
ALTER TABLE `users`
  ADD PRIMARY KEY (`id`),
  ADD UNIQUE KEY `users_email_unique` (`email`);

--
-- AUTO_INCREMENT untuk tabel yang dibuang
--

--
-- AUTO_INCREMENT untuk tabel `agunan_masuks`
--
ALTER TABLE `agunan_masuks`
  MODIFY `id` bigint(20) UNSIGNED NOT NULL AUTO_INCREMENT, AUTO_INCREMENT=36;

--
-- AUTO_INCREMENT untuk tabel `agunan_pinjams`
--
ALTER TABLE `agunan_pinjams`
  MODIFY `id` bigint(20) UNSIGNED NOT NULL AUTO_INCREMENT, AUTO_INCREMENT=19;

--
-- AUTO_INCREMENT untuk tabel `berkas_lemaris`
--
ALTER TABLE `berkas_lemaris`
  MODIFY `id` bigint(20) UNSIGNED NOT NULL AUTO_INCREMENT, AUTO_INCREMENT=25;

--
-- AUTO_INCREMENT untuk tabel `berkas_masuks`
--
ALTER TABLE `berkas_masuks`
  MODIFY `id` bigint(20) UNSIGNED NOT NULL AUTO_INCREMENT, AUTO_INCREMENT=70;

--
-- AUTO_INCREMENT untuk tabel `berkas_pinjams`
--
ALTER TABLE `berkas_pinjams`
  MODIFY `id` bigint(20) UNSIGNED NOT NULL AUTO_INCREMENT, AUTO_INCREMENT=54;

--
-- AUTO_INCREMENT untuk tabel `failed_jobs`
--
ALTER TABLE `failed_jobs`
  MODIFY `id` bigint(20) UNSIGNED NOT NULL AUTO_INCREMENT;

--
-- AUTO_INCREMENT untuk tabel `media`
--
ALTER TABLE `media`
  MODIFY `id` bigint(20) UNSIGNED NOT NULL AUTO_INCREMENT, AUTO_INCREMENT=9;

--
-- AUTO_INCREMENT untuk tabel `migrations`
--
ALTER TABLE `migrations`
  MODIFY `id` int(10) UNSIGNED NOT NULL AUTO_INCREMENT, AUTO_INCREMENT=25;

--
-- AUTO_INCREMENT untuk tabel `pengembalian_agunans`
--
ALTER TABLE `pengembalian_agunans`
  MODIFY `id` bigint(20) UNSIGNED NOT NULL AUTO_INCREMENT, AUTO_INCREMENT=24;

--
-- AUTO_INCREMENT untuk tabel `permissions`
--
ALTER TABLE `permissions`
  MODIFY `id` bigint(20) UNSIGNED NOT NULL AUTO_INCREMENT, AUTO_INCREMENT=146;

--
-- AUTO_INCREMENT untuk tabel `personal_access_tokens`
--
ALTER TABLE `personal_access_tokens`
  MODIFY `id` bigint(20) UNSIGNED NOT NULL AUTO_INCREMENT;

--
-- AUTO_INCREMENT untuk tabel `roles`
--
ALTER TABLE `roles`
  MODIFY `id` bigint(20) UNSIGNED NOT NULL AUTO_INCREMENT, AUTO_INCREMENT=4;

--
-- AUTO_INCREMENT untuk tabel `status_agunans`
--
ALTER TABLE `status_agunans`
  MODIFY `id` bigint(20) UNSIGNED NOT NULL AUTO_INCREMENT, AUTO_INCREMENT=6;

--
-- AUTO_INCREMENT untuk tabel `users`
--
ALTER TABLE `users`
  MODIFY `id` bigint(20) UNSIGNED NOT NULL AUTO_INCREMENT, AUTO_INCREMENT=5;

--
-- Ketidakleluasaan untuk tabel pelimpahan (Dumped Tables)
--

--
-- Ketidakleluasaan untuk tabel `model_has_permissions`
--
ALTER TABLE `model_has_permissions`
  ADD CONSTRAINT `model_has_permissions_permission_id_foreign` FOREIGN KEY (`permission_id`) REFERENCES `permissions` (`id`) ON DELETE CASCADE;

--
-- Ketidakleluasaan untuk tabel `model_has_roles`
--
ALTER TABLE `model_has_roles`
  ADD CONSTRAINT `model_has_roles_role_id_foreign` FOREIGN KEY (`role_id`) REFERENCES `roles` (`id`) ON DELETE CASCADE;

--
-- Ketidakleluasaan untuk tabel `role_has_permissions`
--
ALTER TABLE `role_has_permissions`
  ADD CONSTRAINT `role_has_permissions_permission_id_foreign` FOREIGN KEY (`permission_id`) REFERENCES `permissions` (`id`) ON DELETE CASCADE,
  ADD CONSTRAINT `role_has_permissions_role_id_foreign` FOREIGN KEY (`role_id`) REFERENCES `roles` (`id`) ON DELETE CASCADE;
COMMIT;

/*!40101 SET CHARACTER_SET_CLIENT=@OLD_CHARACTER_SET_CLIENT */;
/*!40101 SET CHARACTER_SET_RESULTS=@OLD_CHARACTER_SET_RESULTS */;
/*!40101 SET COLLATION_CONNECTION=@OLD_COLLATION_CONNECTION */;
